[ {
  "id" : "8bb2d0c0-8623-11e9-a472-f96576696f20-0",
  "name" : "chat1.txt",
  "createdDate" : 0,
  "text" : "Empleado: Hola! Soy Juan. Como puedo ayudarle\r\n\r\nCliente: Me llamo Alex. Quiero cambiar mi plan al plan\r\n\r\nEmpleado: Claro. El numero que quiere cambiar al plan es con el que está llamando\r\n\r\nCliente: Si\r\n\r\nEmpleado: Para propositos de verificacion le haré algunas preguntas, está de acuerdo\r\n\r\nCliente: Esta bien\r\n\r\nEmpleado: Cual es su fecha de nacimiento y su email\r\n\r\nCliente: Mi fecha de nacimiento es 8 de noviembre de 1992 y mi email es alex@gmail.com\r\n\r\nEmpleado:A que plan quiere cambiarse\r\n\r\nCliente: Plan amigo ilimitado\r\n\r\nEmpleado: Cual es el nombre de la compañia donde trabaja y que dia ingreso\r\n\r\nCliente: Trabajo en IBM e ingrese el 9 de abril de 2019\r\n\r\nEmpleado: ok.. He tomado su solicitud de cambio de plan a plan amigo ilimitado. Tendra su plan activado en 3 horas. ¿Hay algo mas en que pueda ayudarle?\r\n\r\nCliente: No, gracias\r\n\r\nEmpleado: Gracias por hablar a Celtel. Que tenga un buen dia\r\n\r\nCliente: Gracias, igualmente",
  "status" : "SUBMITTED",
  "modifiedDate" : 1559582491131
}, {
  "id" : "8bb2d0c0-8623-11e9-a472-f96576696f20-1",
  "name" : "chat2.txt",
  "createdDate" : 0,
  "text" : "Empleado: Hola soy pedro. En que puedo ayudarle \r\nCliente:Hola Pedro, Soy Oscar. Quiero saber por que no hay red desde ayer\r\nEmpleado: Muy bien. Quiere saber acerca del numero del que esta llamando\r\nCliente: si\r\nEmpleado: Por seguridad necesitamos verificar algunos datos, esta bien\r\nCliente: Si\r\nEmpleado: Cual es su fecha de nacimiento y su email\r\nCliente: Mi fecha de nacimiento es 15 del 11 de 1989, y mi email es oscar.gei@gmail.com\r\nEmpleado: Disculpe señor, usted tiene un saldo pendiente de los ultimos 2 meses, es por eso que su servicio esta desconectado\r\nCliente: oh ya veo. Quiero pagar la deuda pendiente\r\nEmpleado: Ok, por favor digame el nombre de la compañia donde trabaja y su numero de empleado\r\nCliente: Trabajo en IBM y mi numero de empleado es 186009\r\nEmpleado: Muy bien, su numero se activara en 3 horas. Hay algo mas en que pueda ayudarle\r\nCliente: No, gracias\r\nEmpleado: Gracias por hablar a Celtel. Que tenga un buen dias\r\nCliente: Gracias, igualmente",
  "status" : "SUBMITTED",
  "modifiedDate" : 1559582571241
}, {
  "id" : "8bb2d0c0-8623-11e9-a472-f96576696f20-2",
  "name" : "chat3.txt",
  "createdDate" : 0,
  "text" : "Empleado: Hola, mi nombre es Daniela. Como puedo ayudarle\r\nCliente: Hola, mi nombre es Alejandro. Quiero cambiar la direccion de mi cuenta\r\nEmpleado: Por seguridad necesitamos verificar algunos datos, esta bien\r\nCliente: No hay problema\r\nEmpleado: Cual es su fecha de nacimiento y su email\r\nCliente: Mi fecha de nacimiento es el ocho de noviembre de 1992, y mi mail es alex@gmail.com\r\nEmpleado: Gracias por la informacion. Necesitamos el comprobante de domicilio para cambiar la informacion. por favor visite el Celtel mas cercano con el documento. El cambio sera inmediato.\r\nCliente: Gracias, lo hare\r\nEmpleado: Hay algo mas en que pueda ayudarle\r\nCliente: No, muchas gracias\r\nEmpleado: Gracias por hablar a Celtel. Tenga un buen dia\r\nCliente: Gracias, usted tambien",
  "status" : "SUBMITTED",
  "modifiedDate" : 1559582957866
}, {
  "id" : "8bb2d0c0-8623-11e9-a472-f96576696f20-3",
  "name" : "chat4.txt",
  "createdDate" : 0,
  "text" : "Empleado: Hola mi nombre es Daniela, Como puedo ayudarle\r\nCliente: Soy Carlos. Quiero reportar un problema en la red de mi casa\r\nEmpleado: Por seguridad necesitamos verificar algunos datos, esta bien\r\nCliente: No hay problema\r\nEmpleado: Cual es su fecha de nacimiento y su email\r\nCliente: 09/08/1990 y mi mail es carlos@gmail.com\r\nEmpleado: Gracias por la informacion. Puede explicarme cual es el problema\r\nCliente: La red movil es inestable, pierdo llamadas y el audio es pesimo\r\nEmpleado: Puede confirmarme su direccion\r\nCliente: av. vasco de quiroga 1999\r\nEmpleado: Gracias por la confirmacion, señor. Enviaremos un tecnico a revisar su problema de señal. Hay algo mas en que pueda ayudarle?\r\nCliente: No\r\nEmpleado: Gracias por llamar a Celtel. Que tenga un buen dia\r\nCliente: Usted tambien",
  "status" : "SUBMITTED",
  "modifiedDate" : 1559583065262
}, {
  "id" : "8bb2d0c0-8623-11e9-a472-f96576696f20-4",
  "name" : "chat5.txt",
  "createdDate" : 0,
  "text" : "Empleado: Hola, mi nombre es Leslie, como puedo ayudarle?\r\nCliente: Hola, soy Jon. Tengo un problema con mi cuenta de este mes\r\nEmpleado: Por seguridad necesitamos verificar algunos datos, esta bien\r\nCliente: No hay problema\r\nEmpleado: Cual es su fecha de nacimiento y su email\r\nCliente: El el primero de enero de 1992 y mi email es jon.chido@gmail.com\r\nEmpleado: Gracias por la informacion. Puede explicarme su problema\r\nCliente: Hay cargos por llamadas que no hice\r\nEmpleado: Se agrega por default. Puedo solicitar que remuevan el cargo extra\r\nCliente: Estaria perfecto\r\nEmpleado: El cambio se vera reflejado en la cuenta del siguiente mes. Hay algo mas en que pueda ayudarle?\r\nCliente: No gracias\r\nEmpleado: Gracias por llamar a Celtel. Que tenga un buen dia\r\nCliente: Gracias igualmente",
  "status" : "SUBMITTED",
  "modifiedDate" : 1559583125642
}, {
  "id" : "8bb2d0c0-8623-11e9-a472-f96576696f20-5",
  "name" : "Texto6.txt",
  "createdDate" : 0,
  "text" : "Cliente: Hola soy Pinto y me encuentro Bangalore\nEmpleado: Hola soy Intu desde el soporte técnico de Tikona Señor, ¿cómo puedo ayudarle Hoy?\nCliente: El problema es que mi banda ancha no está conectando. ¿Puede ayudarme a resolver este problema?\nCliente: Claro Señor, permítame confirmar su ID de cliente.. es 128976 y su dirección es no 18, 19th Cruz, Hebbal, Bangalore 56\nCliente: sí correcto\nEmpleado: y estoy hablando con el Sr. Pinto\nCliente: Así es.\nEmpleado: ¿puedo confirmar que su módem este encendido y conectado a la energía\nCliente: sí, así es.\nEmpleado : Puede apagar el módem y esperar 20 segundos y volver a encenderlo. Me quedaré en la llamada mientras hace eso\nCliente: OK estoy haciendo eso.... acabo de reiniciar el modem\nEmpleado: gracias, por favor espere unos minutos mientras diagnostico su connexión\nCliente: ok\nEmpleado: ¿puede por favor intentar iniciar sesión ahora Señor?\nCliente: OK, voy a iniciar sesión en mi cuenta de banda ancha ahora…. Sí, ahora soy capaz de iniciar sesión\nCliente: Ahora déjame comprobar si soy capaz de navegar por Internet.. Sí, podría navegar a google.com.\nEmpleado: genial, ¿hay algo más que pueda hacer por usted hoy señor?\nCliente: no.. eso es todo gracias.\nEmpleado: Gracias Señor tenga un día maravilloso\n",
  "status" : "SUBMITTED",
  "modifiedDate" : 1559582657107
}, {
  "id" : "8bb2d0c0-8623-11e9-a472-f96576696f20-6",
  "name" : "Texto7.txt",
  "createdDate" : 0,
  "text" : "Empleado: Buen día, habla Priya. ¿Cómo puedo ayudarle?\nCliente: Buenos días, habla Anand. Quiero cambiar mi plan\nEmpleado: seguro, puedo ayudarte. ¿Desea cambiar el plan para el número del que está llamando ahora?\nCliente: Así es\nEmpleado: para fines de verificación me podría indicar su fecha de nacimiento y correo electrónico Id\nCliente: Mi dia de nacimiento es el 10 de agosto de 1979 y mi ID de correo electrónico es anand@gmail.com\nEmpleado : ¿A qué plan desea migrar?\nCliente: Al plan 450 ilimitada\\nEmpleado: ¿Me podría decir el nombre de su empresa y su Id de empleado\nCLiente: trabajo para IBM y mi ID de empleado es 12345\nEmpleado: OK.. He tomado su solicitud para migrar al plan 450 ilimitado. Obtendrá una actualización en 3 horas. ¿Hay algo más que pueda ayudarte?\nCliente: No\nEmpleado: Gracias por llamar a Celtel. Que tengas un buen día.\nCliente: Igualmente\n",
  "status" : "SUBMITTED",
  "modifiedDate" : 1559582702826
}, {
  "id" : "8bb2d0c0-8623-11e9-a472-f96576696f20-7",
  "name" : "Texto8.txt",
  "createdDate" : 0,
  "text" : "Empleado: Bienvenido a Celtel. habla Santosh. ¿Cómo puedo ayudarle\nCliente: quiero cambiar mi dirección\nEmpleado: para qué número Señor\nCliente: 123456789\nEmpleado: para verificar la información me podría decir su nombre y correo electrónico Id\nCliente: mi nombre es Ranes\nEmpleado: y el correo electrónico ID?\nCliente: randeep@rediffmail.com\nEmpleado: Gracias por proporcionar la información. Así que usted necesita cambiar su dirección?\nCliente: Si\nEmpleado: Podría indicarme su nueva dirección por favor\nCliente: mi nueva dirección es plana 1564, Sarvodaya alturas, 4T Cross, Jayanagar, Bengaluru-560020\nEmpleado: he tomado su solicitud para actualizar la dirección. Para la validación por favor envíe copia escaneada de su nueva dirección a customercare@celtel.com\nCliente: OK, yo se la envio\nEmpleado: ¿hay algo más en lo que pueda ayudarle?.\nCliente: no hay nada que decir: que tengas un buen día \n",
  "status" : "SUBMITTED",
  "modifiedDate" : 1559582747775
}, {
  "id" : "8bb2d0c0-8623-11e9-a472-f96576696f20-8",
  "name" : "Texto9.txt",
  "createdDate" : 0,
  "text" : "Empleado: Bienvenido a Celtel. Habla Sanjay. ¿Cómo puedo ayudarle\nCliente: mi facturación es Incorrecta\nEmpleado: Me podría dar su número de teléfono por favor\nCliente: sí, mi número de teléfono es 8765453213\nEmpleado: ¿De quién es este número registrado?\nCliente: Amit\nEmpleado: para la verificación me puede confirmar su fecha de nacimiento y correo electrónico ID\nCliente: fecha de nacimiento es el 20 de julio de 1980 y el correo electrónico es amit@whatever.com\nCliente: ¿Cuál es el problema en la facturación señor\nCliente: se me cobra por el paquete de datos, mientras que había solicitado la cancelación de la suscripción del paquete de datos un hace un mes\nEmpleado: Le ofrezco disculpas Señor voy a comprobar ¿puedo dejar su llamada en espera un minuto, por favor?\nCliente: Claro\nEmpleado: gracias\nEmpleado: sí, parece que hay un problema. Iniciaré la reversión de los datos de los cargos\nCliente: ¿puedo obtener una copia impresa de la factura a mi dirección por favor? Empleado: por favor, confirme su dirección\nCliente: mi dirección es: casa no 13, bloque 2, diseño de Nandini, Bengaluru-560016 Empleado: he tomado su solicitud de factura de papel que lo obtendrá en una semana\nCliente: ok\nEmpleado: ¿hay algo más en lo que pueda ayudarle?\nCliente: no\nEmpleado: gracias. Ten un buen día.. Bye\n",
  "status" : "SUBMITTED",
  "modifiedDate" : 1559582815230
}, {
  "id" : "8bb2d0c0-8623-11e9-a472-f96576696f20-9",
  "name" : "Texto10.txt",
  "createdDate" : 0,
  "text" : "Empleado: Gracias por llamar a Celtel. Habla Mónica. ¿Cómo puedo ayudarle\nCliente: Quiero migrar a un proveedor de servicios diferentes.\nCliente: Sentimos escuchar eso Señor, pero ¿por qué desea Migrar?\nCliente: la señal es mala y el servicio es patético\nEmpleado: la señal es mala en alguna ubicación específica o en todas partes Señor?\nCliente: Es malo en mi casa\nEmpleado: ¿puede un representante visitar su hogar para comprobar cuál es el problema?\nCliente: Si\nEmpleado: para la verificación puede hacerme saber su nombre, ID de correo electrónico y la fecha de nacimiento\nCliente: mi nombre es Abdul, mi ID de correo electrónico es adbul@hotmail.com y los datos de nacimiento es 9 de marzo de 1988\nEmpleado: gracias, puede confirmar su dirección de casa por favor?\nCliente: mi domicilio es #35, 5º corss, 2º principal, Kalyan Nagar, Bengaluru-560043\nEmpleado: un represetante le llamará y visitará su hogar para comprobar los problemas de la señal y abordar su queja\nCliente: espero que el problema se resuelva\nEmpleado: vamos a hacer nuestro mejor esfuerzo señor\nCliente: Gracios\nEmpleado: ¿hay algo más en lo que yo pueda ayudarle?\\nCliente: No\nEmpleado: Gracias por llamar y que tenga un buen día señor\n",
  "status" : "SUBMITTED",
  "modifiedDate" : 1559582867416
} ]