{
  "id" : "8bb2d0c0-8623-11e9-a472-f96576696f20-7",
  "name" : "Texto8.txt",
  "createdDate" : 0,
  "version" : 3,
  "text" : "Empleado: Bienvenido a Celtel. habla Santosh. ¿Cómo puedo ayudarle\nCliente: quiero cambiar mi dirección\nEmpleado: para qué número Señor\nCliente: 123456789\nEmpleado: para verificar la información me podría decir su nombre y correo electrónico Id\nCliente: mi nombre es Ranes\nEmpleado: y el correo electrónico ID?\nCliente: randeep@rediffmail.com\nEmpleado: Gracias por proporcionar la información. Así que usted necesita cambiar su dirección?\nCliente: Si\nEmpleado: Podría indicarme su nueva dirección por favor\nCliente: mi nueva dirección es plana 1564, Sarvodaya alturas, 4T Cross, Jayanagar, Bengaluru-560020\nEmpleado: he tomado su solicitud para actualizar la dirección. Para la validación por favor envíe copia escaneada de su nueva dirección a customercare@celtel.com\nCliente: OK, yo se la envio\nEmpleado: ¿hay algo más en lo que pueda ayudarle?.\nCliente: no hay nada que decir: que tengas un buen día \n",
  "docLength" : 0,
  "language" : "ES",
  "status" : "SUBMITTED",
  "modifiedDate" : 1559582747775,
  "documentSet" : [ ],
  "preannotation" : [ ],
  "sentences" : [ {
    "id" : "s0",
    "begin" : 0,
    "end" : 30,
    "text" : "Empleado: Bienvenido a Celtel.",
    "tokens" : [ {
      "id" : "s0-t0",
      "begin" : 0,
      "end" : 8,
      "text" : "Empleado",
      "whiteSpace" : false
    }, {
      "id" : "s0-t1",
      "begin" : 8,
      "end" : 9,
      "text" : ":",
      "whiteSpace" : false
    }, {
      "id" : "s0-t2",
      "begin" : 10,
      "end" : 20,
      "text" : "Bienvenido",
      "whiteSpace" : false
    }, {
      "id" : "s0-t3",
      "begin" : 21,
      "end" : 22,
      "text" : "a",
      "whiteSpace" : false
    }, {
      "id" : "s0-t4",
      "begin" : 23,
      "end" : 29,
      "text" : "Celtel",
      "whiteSpace" : false
    }, {
      "id" : "s0-t5",
      "begin" : 29,
      "end" : 30,
      "text" : ".",
      "whiteSpace" : false
    } ]
  }, {
    "id" : "s1",
    "begin" : 31,
    "end" : 47,
    "text" : "habla Santosh. ¿",
    "tokens" : [ {
      "id" : "s1-t0",
      "begin" : 31,
      "end" : 36,
      "text" : "habla",
      "whiteSpace" : false
    }, {
      "id" : "s1-t1",
      "begin" : 37,
      "end" : 44,
      "text" : "Santosh",
      "whiteSpace" : false
    }, {
      "id" : "s1-t2",
      "begin" : 44,
      "end" : 45,
      "text" : ".",
      "whiteSpace" : false
    }, {
      "id" : "s1-t3",
      "begin" : 46,
      "end" : 47,
      "text" : "¿",
      "whiteSpace" : false
    } ]
  }, {
    "id" : "s2",
    "begin" : 47,
    "end" : 310,
    "text" : "Cómo puedo ayudarle\nCliente: quiero cambiar mi dirección\nEmpleado: para qué número Señor\nCliente: 123456789\nEmpleado: para verificar la información me podría decir su nombre y correo electrónico Id\nCliente: mi nombre es Ranes\nEmpleado: y el correo electrónico ID?",
    "tokens" : [ {
      "id" : "s2-t0",
      "begin" : 47,
      "end" : 51,
      "text" : "Cómo",
      "whiteSpace" : false
    }, {
      "id" : "s2-t1",
      "begin" : 52,
      "end" : 57,
      "text" : "puedo",
      "whiteSpace" : false
    }, {
      "id" : "s2-t2",
      "begin" : 58,
      "end" : 66,
      "text" : "ayudarle",
      "whiteSpace" : false
    }, {
      "id" : "s2-t3",
      "begin" : 67,
      "end" : 74,
      "text" : "Cliente",
      "whiteSpace" : false
    }, {
      "id" : "s2-t4",
      "begin" : 74,
      "end" : 75,
      "text" : ":",
      "whiteSpace" : false
    }, {
      "id" : "s2-t5",
      "begin" : 76,
      "end" : 82,
      "text" : "quiero",
      "whiteSpace" : false
    }, {
      "id" : "s2-t6",
      "begin" : 83,
      "end" : 90,
      "text" : "cambiar",
      "whiteSpace" : false
    }, {
      "id" : "s2-t7",
      "begin" : 91,
      "end" : 93,
      "text" : "mi",
      "whiteSpace" : false
    }, {
      "id" : "s2-t8",
      "begin" : 94,
      "end" : 103,
      "text" : "dirección",
      "whiteSpace" : false
    }, {
      "id" : "s2-t9",
      "begin" : 104,
      "end" : 112,
      "text" : "Empleado",
      "whiteSpace" : false
    }, {
      "id" : "s2-t10",
      "begin" : 112,
      "end" : 113,
      "text" : ":",
      "whiteSpace" : false
    }, {
      "id" : "s2-t11",
      "begin" : 114,
      "end" : 118,
      "text" : "para",
      "whiteSpace" : false
    }, {
      "id" : "s2-t12",
      "begin" : 119,
      "end" : 122,
      "text" : "qué",
      "whiteSpace" : false
    }, {
      "id" : "s2-t13",
      "begin" : 123,
      "end" : 129,
      "text" : "número",
      "whiteSpace" : false
    }, {
      "id" : "s2-t14",
      "begin" : 130,
      "end" : 135,
      "text" : "Señor",
      "whiteSpace" : false
    }, {
      "id" : "s2-t15",
      "begin" : 136,
      "end" : 143,
      "text" : "Cliente",
      "whiteSpace" : false
    }, {
      "id" : "s2-t16",
      "begin" : 143,
      "end" : 144,
      "text" : ":",
      "whiteSpace" : false
    }, {
      "id" : "s2-t17",
      "begin" : 145,
      "end" : 154,
      "text" : "123456789",
      "whiteSpace" : false
    }, {
      "id" : "s2-t18",
      "begin" : 155,
      "end" : 163,
      "text" : "Empleado",
      "whiteSpace" : false
    }, {
      "id" : "s2-t19",
      "begin" : 163,
      "end" : 164,
      "text" : ":",
      "whiteSpace" : false
    }, {
      "id" : "s2-t20",
      "begin" : 165,
      "end" : 169,
      "text" : "para",
      "whiteSpace" : false
    }, {
      "id" : "s2-t21",
      "begin" : 170,
      "end" : 179,
      "text" : "verificar",
      "whiteSpace" : false
    }, {
      "id" : "s2-t22",
      "begin" : 180,
      "end" : 182,
      "text" : "la",
      "whiteSpace" : false
    }, {
      "id" : "s2-t23",
      "begin" : 183,
      "end" : 194,
      "text" : "información",
      "whiteSpace" : false
    }, {
      "id" : "s2-t24",
      "begin" : 195,
      "end" : 197,
      "text" : "me",
      "whiteSpace" : false
    }, {
      "id" : "s2-t25",
      "begin" : 198,
      "end" : 204,
      "text" : "podría",
      "whiteSpace" : false
    }, {
      "id" : "s2-t26",
      "begin" : 205,
      "end" : 210,
      "text" : "decir",
      "whiteSpace" : false
    }, {
      "id" : "s2-t27",
      "begin" : 211,
      "end" : 213,
      "text" : "su",
      "whiteSpace" : false
    }, {
      "id" : "s2-t28",
      "begin" : 214,
      "end" : 220,
      "text" : "nombre",
      "whiteSpace" : false
    }, {
      "id" : "s2-t29",
      "begin" : 221,
      "end" : 222,
      "text" : "y",
      "whiteSpace" : false
    }, {
      "id" : "s2-t30",
      "begin" : 223,
      "end" : 229,
      "text" : "correo",
      "whiteSpace" : false
    }, {
      "id" : "s2-t31",
      "begin" : 230,
      "end" : 241,
      "text" : "electrónico",
      "whiteSpace" : false
    }, {
      "id" : "s2-t32",
      "begin" : 242,
      "end" : 244,
      "text" : "Id",
      "whiteSpace" : false
    }, {
      "id" : "s2-t33",
      "begin" : 245,
      "end" : 252,
      "text" : "Cliente",
      "whiteSpace" : false
    }, {
      "id" : "s2-t34",
      "begin" : 252,
      "end" : 253,
      "text" : ":",
      "whiteSpace" : false
    }, {
      "id" : "s2-t35",
      "begin" : 254,
      "end" : 256,
      "text" : "mi",
      "whiteSpace" : false
    }, {
      "id" : "s2-t36",
      "begin" : 257,
      "end" : 263,
      "text" : "nombre",
      "whiteSpace" : false
    }, {
      "id" : "s2-t37",
      "begin" : 264,
      "end" : 266,
      "text" : "es",
      "whiteSpace" : false
    }, {
      "id" : "s2-t38",
      "begin" : 267,
      "end" : 272,
      "text" : "Ranes",
      "whiteSpace" : false
    }, {
      "id" : "s2-t39",
      "begin" : 273,
      "end" : 281,
      "text" : "Empleado",
      "whiteSpace" : false
    }, {
      "id" : "s2-t40",
      "begin" : 281,
      "end" : 282,
      "text" : ":",
      "whiteSpace" : false
    }, {
      "id" : "s2-t41",
      "begin" : 283,
      "end" : 284,
      "text" : "y",
      "whiteSpace" : false
    }, {
      "id" : "s2-t42",
      "begin" : 285,
      "end" : 287,
      "text" : "el",
      "whiteSpace" : false
    }, {
      "id" : "s2-t43",
      "begin" : 288,
      "end" : 294,
      "text" : "correo",
      "whiteSpace" : false
    }, {
      "id" : "s2-t44",
      "begin" : 295,
      "end" : 306,
      "text" : "electrónico",
      "whiteSpace" : false
    }, {
      "id" : "s2-t45",
      "begin" : 307,
      "end" : 309,
      "text" : "ID",
      "whiteSpace" : false
    }, {
      "id" : "s2-t46",
      "begin" : 309,
      "end" : 310,
      "text" : "?",
      "whiteSpace" : false
    } ]
  }, {
    "id" : "s3",
    "begin" : 311,
    "end" : 393,
    "text" : "Cliente: randeep@rediffmail.com\nEmpleado: Gracias por proporcionar la información.",
    "tokens" : [ {
      "id" : "s3-t0",
      "begin" : 311,
      "end" : 318,
      "text" : "Cliente",
      "whiteSpace" : false
    }, {
      "id" : "s3-t1",
      "begin" : 318,
      "end" : 319,
      "text" : ":",
      "whiteSpace" : false
    }, {
      "id" : "s3-t2",
      "begin" : 320,
      "end" : 342,
      "text" : "randeep@rediffmail.com",
      "whiteSpace" : false
    }, {
      "id" : "s3-t3",
      "begin" : 343,
      "end" : 351,
      "text" : "Empleado",
      "whiteSpace" : false
    }, {
      "id" : "s3-t4",
      "begin" : 351,
      "end" : 352,
      "text" : ":",
      "whiteSpace" : false
    }, {
      "id" : "s3-t5",
      "begin" : 353,
      "end" : 360,
      "text" : "Gracias",
      "whiteSpace" : false
    }, {
      "id" : "s3-t6",
      "begin" : 361,
      "end" : 364,
      "text" : "por",
      "whiteSpace" : false
    }, {
      "id" : "s3-t7",
      "begin" : 365,
      "end" : 377,
      "text" : "proporcionar",
      "whiteSpace" : false
    }, {
      "id" : "s3-t8",
      "begin" : 378,
      "end" : 380,
      "text" : "la",
      "whiteSpace" : false
    }, {
      "id" : "s3-t9",
      "begin" : 381,
      "end" : 392,
      "text" : "información",
      "whiteSpace" : false
    }, {
      "id" : "s3-t10",
      "begin" : 392,
      "end" : 393,
      "text" : ".",
      "whiteSpace" : false
    } ]
  }, {
    "id" : "s4",
    "begin" : 394,
    "end" : 438,
    "text" : "Así que usted necesita cambiar su dirección?",
    "tokens" : [ {
      "id" : "s4-t0",
      "begin" : 394,
      "end" : 397,
      "text" : "Así",
      "whiteSpace" : false
    }, {
      "id" : "s4-t1",
      "begin" : 398,
      "end" : 401,
      "text" : "que",
      "whiteSpace" : false
    }, {
      "id" : "s4-t2",
      "begin" : 402,
      "end" : 407,
      "text" : "usted",
      "whiteSpace" : false
    }, {
      "id" : "s4-t3",
      "begin" : 408,
      "end" : 416,
      "text" : "necesita",
      "whiteSpace" : false
    }, {
      "id" : "s4-t4",
      "begin" : 417,
      "end" : 424,
      "text" : "cambiar",
      "whiteSpace" : false
    }, {
      "id" : "s4-t5",
      "begin" : 425,
      "end" : 427,
      "text" : "su",
      "whiteSpace" : false
    }, {
      "id" : "s4-t6",
      "begin" : 428,
      "end" : 437,
      "text" : "dirección",
      "whiteSpace" : false
    }, {
      "id" : "s4-t7",
      "begin" : 437,
      "end" : 438,
      "text" : "?",
      "whiteSpace" : false
    } ]
  }, {
    "id" : "s5",
    "begin" : 439,
    "end" : 669,
    "text" : "Cliente: Si\nEmpleado: Podría indicarme su nueva dirección por favor\nCliente: mi nueva dirección es plana 1564, Sarvodaya alturas, 4T Cross, Jayanagar, Bengaluru-560020\nEmpleado: he tomado su solicitud para actualizar la dirección.",
    "tokens" : [ {
      "id" : "s5-t0",
      "begin" : 439,
      "end" : 446,
      "text" : "Cliente",
      "whiteSpace" : false
    }, {
      "id" : "s5-t1",
      "begin" : 446,
      "end" : 447,
      "text" : ":",
      "whiteSpace" : false
    }, {
      "id" : "s5-t2",
      "begin" : 448,
      "end" : 450,
      "text" : "Si",
      "whiteSpace" : false
    }, {
      "id" : "s5-t3",
      "begin" : 451,
      "end" : 459,
      "text" : "Empleado",
      "whiteSpace" : false
    }, {
      "id" : "s5-t4",
      "begin" : 459,
      "end" : 460,
      "text" : ":",
      "whiteSpace" : false
    }, {
      "id" : "s5-t5",
      "begin" : 461,
      "end" : 467,
      "text" : "Podría",
      "whiteSpace" : false
    }, {
      "id" : "s5-t6",
      "begin" : 468,
      "end" : 477,
      "text" : "indicarme",
      "whiteSpace" : false
    }, {
      "id" : "s5-t7",
      "begin" : 478,
      "end" : 480,
      "text" : "su",
      "whiteSpace" : false
    }, {
      "id" : "s5-t8",
      "begin" : 481,
      "end" : 486,
      "text" : "nueva",
      "whiteSpace" : false
    }, {
      "id" : "s5-t9",
      "begin" : 487,
      "end" : 496,
      "text" : "dirección",
      "whiteSpace" : false
    }, {
      "id" : "s5-t10",
      "begin" : 497,
      "end" : 500,
      "text" : "por",
      "whiteSpace" : false
    }, {
      "id" : "s5-t11",
      "begin" : 501,
      "end" : 506,
      "text" : "favor",
      "whiteSpace" : false
    }, {
      "id" : "s5-t12",
      "begin" : 507,
      "end" : 514,
      "text" : "Cliente",
      "whiteSpace" : false
    }, {
      "id" : "s5-t13",
      "begin" : 514,
      "end" : 515,
      "text" : ":",
      "whiteSpace" : false
    }, {
      "id" : "s5-t14",
      "begin" : 516,
      "end" : 518,
      "text" : "mi",
      "whiteSpace" : false
    }, {
      "id" : "s5-t15",
      "begin" : 519,
      "end" : 524,
      "text" : "nueva",
      "whiteSpace" : false
    }, {
      "id" : "s5-t16",
      "begin" : 525,
      "end" : 534,
      "text" : "dirección",
      "whiteSpace" : false
    }, {
      "id" : "s5-t17",
      "begin" : 535,
      "end" : 537,
      "text" : "es",
      "whiteSpace" : false
    }, {
      "id" : "s5-t18",
      "begin" : 538,
      "end" : 543,
      "text" : "plana",
      "whiteSpace" : false
    }, {
      "id" : "s5-t19",
      "begin" : 544,
      "end" : 548,
      "text" : "1564",
      "whiteSpace" : false
    }, {
      "id" : "s5-t20",
      "begin" : 548,
      "end" : 549,
      "text" : ",",
      "whiteSpace" : false
    }, {
      "id" : "s5-t21",
      "begin" : 550,
      "end" : 559,
      "text" : "Sarvodaya",
      "whiteSpace" : false
    }, {
      "id" : "s5-t22",
      "begin" : 560,
      "end" : 567,
      "text" : "alturas",
      "whiteSpace" : false
    }, {
      "id" : "s5-t23",
      "begin" : 567,
      "end" : 568,
      "text" : ",",
      "whiteSpace" : false
    }, {
      "id" : "s5-t24",
      "begin" : 569,
      "end" : 571,
      "text" : "4T",
      "whiteSpace" : false
    }, {
      "id" : "s5-t25",
      "begin" : 572,
      "end" : 577,
      "text" : "Cross",
      "whiteSpace" : false
    }, {
      "id" : "s5-t26",
      "begin" : 577,
      "end" : 578,
      "text" : ",",
      "whiteSpace" : false
    }, {
      "id" : "s5-t27",
      "begin" : 579,
      "end" : 588,
      "text" : "Jayanagar",
      "whiteSpace" : false
    }, {
      "id" : "s5-t28",
      "begin" : 588,
      "end" : 589,
      "text" : ",",
      "whiteSpace" : false
    }, {
      "id" : "s5-t29",
      "begin" : 590,
      "end" : 606,
      "text" : "Bengaluru-560020",
      "whiteSpace" : false
    }, {
      "id" : "s5-t30",
      "begin" : 607,
      "end" : 615,
      "text" : "Empleado",
      "whiteSpace" : false
    }, {
      "id" : "s5-t31",
      "begin" : 615,
      "end" : 616,
      "text" : ":",
      "whiteSpace" : false
    }, {
      "id" : "s5-t32",
      "begin" : 617,
      "end" : 619,
      "text" : "he",
      "whiteSpace" : false
    }, {
      "id" : "s5-t33",
      "begin" : 620,
      "end" : 626,
      "text" : "tomado",
      "whiteSpace" : false
    }, {
      "id" : "s5-t34",
      "begin" : 627,
      "end" : 629,
      "text" : "su",
      "whiteSpace" : false
    }, {
      "id" : "s5-t35",
      "begin" : 630,
      "end" : 639,
      "text" : "solicitud",
      "whiteSpace" : false
    }, {
      "id" : "s5-t36",
      "begin" : 640,
      "end" : 644,
      "text" : "para",
      "whiteSpace" : false
    }, {
      "id" : "s5-t37",
      "begin" : 645,
      "end" : 655,
      "text" : "actualizar",
      "whiteSpace" : false
    }, {
      "id" : "s5-t38",
      "begin" : 656,
      "end" : 658,
      "text" : "la",
      "whiteSpace" : false
    }, {
      "id" : "s5-t39",
      "begin" : 659,
      "end" : 668,
      "text" : "dirección",
      "whiteSpace" : false
    }, {
      "id" : "s5-t40",
      "begin" : 668,
      "end" : 669,
      "text" : ".",
      "whiteSpace" : false
    } ]
  }, {
    "id" : "s6",
    "begin" : 670,
    "end" : 808,
    "text" : "Para la validación por favor envíe copia escaneada de su nueva dirección a customercare@celtel.com\nCliente: OK, yo se la envio\nEmpleado: ¿",
    "tokens" : [ {
      "id" : "s6-t0",
      "begin" : 670,
      "end" : 674,
      "text" : "Para",
      "whiteSpace" : false
    }, {
      "id" : "s6-t1",
      "begin" : 675,
      "end" : 677,
      "text" : "la",
      "whiteSpace" : false
    }, {
      "id" : "s6-t2",
      "begin" : 678,
      "end" : 688,
      "text" : "validación",
      "whiteSpace" : false
    }, {
      "id" : "s6-t3",
      "begin" : 689,
      "end" : 692,
      "text" : "por",
      "whiteSpace" : false
    }, {
      "id" : "s6-t4",
      "begin" : 693,
      "end" : 698,
      "text" : "favor",
      "whiteSpace" : false
    }, {
      "id" : "s6-t5",
      "begin" : 699,
      "end" : 704,
      "text" : "envíe",
      "whiteSpace" : false
    }, {
      "id" : "s6-t6",
      "begin" : 705,
      "end" : 710,
      "text" : "copia",
      "whiteSpace" : false
    }, {
      "id" : "s6-t7",
      "begin" : 711,
      "end" : 720,
      "text" : "escaneada",
      "whiteSpace" : false
    }, {
      "id" : "s6-t8",
      "begin" : 721,
      "end" : 723,
      "text" : "de",
      "whiteSpace" : false
    }, {
      "id" : "s6-t9",
      "begin" : 724,
      "end" : 726,
      "text" : "su",
      "whiteSpace" : false
    }, {
      "id" : "s6-t10",
      "begin" : 727,
      "end" : 732,
      "text" : "nueva",
      "whiteSpace" : false
    }, {
      "id" : "s6-t11",
      "begin" : 733,
      "end" : 742,
      "text" : "dirección",
      "whiteSpace" : false
    }, {
      "id" : "s6-t12",
      "begin" : 743,
      "end" : 744,
      "text" : "a",
      "whiteSpace" : false
    }, {
      "id" : "s6-t13",
      "begin" : 745,
      "end" : 768,
      "text" : "customercare@celtel.com",
      "whiteSpace" : false
    }, {
      "id" : "s6-t14",
      "begin" : 769,
      "end" : 776,
      "text" : "Cliente",
      "whiteSpace" : false
    }, {
      "id" : "s6-t15",
      "begin" : 776,
      "end" : 777,
      "text" : ":",
      "whiteSpace" : false
    }, {
      "id" : "s6-t16",
      "begin" : 778,
      "end" : 780,
      "text" : "OK",
      "whiteSpace" : false
    }, {
      "id" : "s6-t17",
      "begin" : 780,
      "end" : 781,
      "text" : ",",
      "whiteSpace" : false
    }, {
      "id" : "s6-t18",
      "begin" : 782,
      "end" : 784,
      "text" : "yo",
      "whiteSpace" : false
    }, {
      "id" : "s6-t19",
      "begin" : 785,
      "end" : 787,
      "text" : "se",
      "whiteSpace" : false
    }, {
      "id" : "s6-t20",
      "begin" : 788,
      "end" : 790,
      "text" : "la",
      "whiteSpace" : false
    }, {
      "id" : "s6-t21",
      "begin" : 791,
      "end" : 796,
      "text" : "envio",
      "whiteSpace" : false
    }, {
      "id" : "s6-t22",
      "begin" : 797,
      "end" : 805,
      "text" : "Empleado",
      "whiteSpace" : false
    }, {
      "id" : "s6-t23",
      "begin" : 805,
      "end" : 806,
      "text" : ":",
      "whiteSpace" : false
    }, {
      "id" : "s6-t24",
      "begin" : 807,
      "end" : 808,
      "text" : "¿",
      "whiteSpace" : false
    } ]
  }, {
    "id" : "s7",
    "begin" : 808,
    "end" : 847,
    "text" : "hay algo más en lo que pueda ayudarle?.",
    "tokens" : [ {
      "id" : "s7-t0",
      "begin" : 808,
      "end" : 811,
      "text" : "hay",
      "whiteSpace" : false
    }, {
      "id" : "s7-t1",
      "begin" : 812,
      "end" : 816,
      "text" : "algo",
      "whiteSpace" : false
    }, {
      "id" : "s7-t2",
      "begin" : 817,
      "end" : 820,
      "text" : "más",
      "whiteSpace" : false
    }, {
      "id" : "s7-t3",
      "begin" : 821,
      "end" : 823,
      "text" : "en",
      "whiteSpace" : false
    }, {
      "id" : "s7-t4",
      "begin" : 824,
      "end" : 826,
      "text" : "lo",
      "whiteSpace" : false
    }, {
      "id" : "s7-t5",
      "begin" : 827,
      "end" : 830,
      "text" : "que",
      "whiteSpace" : false
    }, {
      "id" : "s7-t6",
      "begin" : 831,
      "end" : 836,
      "text" : "pueda",
      "whiteSpace" : false
    }, {
      "id" : "s7-t7",
      "begin" : 837,
      "end" : 845,
      "text" : "ayudarle",
      "whiteSpace" : false
    }, {
      "id" : "s7-t8",
      "begin" : 845,
      "end" : 846,
      "text" : "?",
      "whiteSpace" : false
    }, {
      "id" : "s7-t9",
      "begin" : 846,
      "end" : 847,
      "text" : ".",
      "whiteSpace" : false
    } ]
  }, {
    "id" : "s8",
    "begin" : 848,
    "end" : 902,
    "text" : "Cliente: no hay nada que decir: que tengas un buen día",
    "tokens" : [ {
      "id" : "s8-t0",
      "begin" : 848,
      "end" : 855,
      "text" : "Cliente",
      "whiteSpace" : false
    }, {
      "id" : "s8-t1",
      "begin" : 855,
      "end" : 856,
      "text" : ":",
      "whiteSpace" : false
    }, {
      "id" : "s8-t2",
      "begin" : 857,
      "end" : 859,
      "text" : "no",
      "whiteSpace" : false
    }, {
      "id" : "s8-t3",
      "begin" : 860,
      "end" : 863,
      "text" : "hay",
      "whiteSpace" : false
    }, {
      "id" : "s8-t4",
      "begin" : 864,
      "end" : 868,
      "text" : "nada",
      "whiteSpace" : false
    }, {
      "id" : "s8-t5",
      "begin" : 869,
      "end" : 872,
      "text" : "que",
      "whiteSpace" : false
    }, {
      "id" : "s8-t6",
      "begin" : 873,
      "end" : 878,
      "text" : "decir",
      "whiteSpace" : false
    }, {
      "id" : "s8-t7",
      "begin" : 878,
      "end" : 879,
      "text" : ":",
      "whiteSpace" : false
    }, {
      "id" : "s8-t8",
      "begin" : 880,
      "end" : 883,
      "text" : "que",
      "whiteSpace" : false
    }, {
      "id" : "s8-t9",
      "begin" : 884,
      "end" : 890,
      "text" : "tengas",
      "whiteSpace" : false
    }, {
      "id" : "s8-t10",
      "begin" : 891,
      "end" : 893,
      "text" : "un",
      "whiteSpace" : false
    }, {
      "id" : "s8-t11",
      "begin" : 894,
      "end" : 898,
      "text" : "buen",
      "whiteSpace" : false
    }, {
      "id" : "s8-t12",
      "begin" : 899,
      "end" : 902,
      "text" : "día",
      "whiteSpace" : false
    } ]
  } ],
  "mentions" : [ {
    "id" : "s2-m1",
    "properties" : {
      "SIRE_MENTION_ROLE" : "ID_empleado",
      "SIRE_ENTITY_SUBTYPE" : "NONE",
      "SIRE_MENTION_TYPE" : "NONE",
      "SIRE_MENTION_CLASS" : "SPC"
    },
    "type" : "ID_empleado",
    "begin" : 145,
    "end" : 154,
    "inCoref" : false
  }, {
    "id" : "s2-m2",
    "properties" : {
      "SIRE_MENTION_ROLE" : "Nombre",
      "SIRE_ENTITY_SUBTYPE" : "NONE",
      "SIRE_MENTION_TYPE" : "NONE",
      "SIRE_MENTION_CLASS" : "SPC"
    },
    "type" : "Nombre",
    "begin" : 267,
    "end" : 272,
    "inCoref" : false
  }, {
    "id" : "s3-m1",
    "properties" : {
      "SIRE_MENTION_ROLE" : "Mail",
      "SIRE_ENTITY_SUBTYPE" : "NONE",
      "SIRE_MENTION_TYPE" : "NONE",
      "SIRE_MENTION_CLASS" : "SPC"
    },
    "type" : "Mail",
    "begin" : 320,
    "end" : 342,
    "inCoref" : false
  }, {
    "id" : "s5-m1",
    "properties" : {
      "SIRE_MENTION_ROLE" : "Direccion",
      "SIRE_ENTITY_SUBTYPE" : "NONE",
      "SIRE_MENTION_TYPE" : "NONE",
      "SIRE_MENTION_CLASS" : "SPC"
    },
    "type" : "Direccion",
    "begin" : 538,
    "end" : 606,
    "inCoref" : false
  } ],
  "relations" : [ ],
  "corefs" : [ ],
  "typeResolved" : true,
  "userResolved" : false
}