{
  "id" : "8bb2d0c0-8623-11e9-a472-f96576696f20-4",
  "name" : "chat5.txt",
  "createdDate" : 0,
  "version" : 3,
  "text" : "Empleado: Hola, mi nombre es Leslie, como puedo ayudarle?\r\nCliente: Hola, soy Jon. Tengo un problema con mi cuenta de este mes\r\nEmpleado: Por seguridad necesitamos verificar algunos datos, esta bien\r\nCliente: No hay problema\r\nEmpleado: Cual es su fecha de nacimiento y su email\r\nCliente: El el primero de enero de 1992 y mi email es jon.chido@gmail.com\r\nEmpleado: Gracias por la informacion. Puede explicarme su problema\r\nCliente: Hay cargos por llamadas que no hice\r\nEmpleado: Se agrega por default. Puedo solicitar que remuevan el cargo extra\r\nCliente: Estaria perfecto\r\nEmpleado: El cambio se vera reflejado en la cuenta del siguiente mes. Hay algo mas en que pueda ayudarle?\r\nCliente: No gracias\r\nEmpleado: Gracias por llamar a Celtel. Que tenga un buen dia\r\nCliente: Gracias igualmente",
  "docLength" : 0,
  "language" : "ES",
  "status" : "SUBMITTED",
  "modifiedDate" : 1559583125642,
  "documentSet" : [ ],
  "preannotation" : [ ],
  "sentences" : [ {
    "id" : "s0",
    "begin" : 0,
    "end" : 57,
    "text" : "Empleado: Hola, mi nombre es Leslie, como puedo ayudarle?",
    "tokens" : [ {
      "id" : "s0-t0",
      "begin" : 0,
      "end" : 8,
      "text" : "Empleado",
      "whiteSpace" : false
    }, {
      "id" : "s0-t1",
      "begin" : 8,
      "end" : 9,
      "text" : ":",
      "whiteSpace" : false
    }, {
      "id" : "s0-t2",
      "begin" : 10,
      "end" : 14,
      "text" : "Hola",
      "whiteSpace" : false
    }, {
      "id" : "s0-t3",
      "begin" : 14,
      "end" : 15,
      "text" : ",",
      "whiteSpace" : false
    }, {
      "id" : "s0-t4",
      "begin" : 16,
      "end" : 18,
      "text" : "mi",
      "whiteSpace" : false
    }, {
      "id" : "s0-t5",
      "begin" : 19,
      "end" : 25,
      "text" : "nombre",
      "whiteSpace" : false
    }, {
      "id" : "s0-t6",
      "begin" : 26,
      "end" : 28,
      "text" : "es",
      "whiteSpace" : false
    }, {
      "id" : "s0-t7",
      "begin" : 29,
      "end" : 35,
      "text" : "Leslie",
      "whiteSpace" : false
    }, {
      "id" : "s0-t8",
      "begin" : 35,
      "end" : 36,
      "text" : ",",
      "whiteSpace" : false
    }, {
      "id" : "s0-t9",
      "begin" : 37,
      "end" : 41,
      "text" : "como",
      "whiteSpace" : false
    }, {
      "id" : "s0-t10",
      "begin" : 42,
      "end" : 47,
      "text" : "puedo",
      "whiteSpace" : false
    }, {
      "id" : "s0-t11",
      "begin" : 48,
      "end" : 56,
      "text" : "ayudarle",
      "whiteSpace" : false
    }, {
      "id" : "s0-t12",
      "begin" : 56,
      "end" : 57,
      "text" : "?",
      "whiteSpace" : false
    } ]
  }, {
    "id" : "s1",
    "begin" : 59,
    "end" : 82,
    "text" : "Cliente: Hola, soy Jon.",
    "tokens" : [ {
      "id" : "s1-t0",
      "begin" : 59,
      "end" : 66,
      "text" : "Cliente",
      "whiteSpace" : false
    }, {
      "id" : "s1-t1",
      "begin" : 66,
      "end" : 67,
      "text" : ":",
      "whiteSpace" : false
    }, {
      "id" : "s1-t2",
      "begin" : 68,
      "end" : 72,
      "text" : "Hola",
      "whiteSpace" : false
    }, {
      "id" : "s1-t3",
      "begin" : 72,
      "end" : 73,
      "text" : ",",
      "whiteSpace" : false
    }, {
      "id" : "s1-t4",
      "begin" : 74,
      "end" : 77,
      "text" : "soy",
      "whiteSpace" : false
    }, {
      "id" : "s1-t5",
      "begin" : 78,
      "end" : 81,
      "text" : "Jon",
      "whiteSpace" : false
    }, {
      "id" : "s1-t6",
      "begin" : 81,
      "end" : 82,
      "text" : ".",
      "whiteSpace" : false
    } ]
  }, {
    "id" : "s2",
    "begin" : 83,
    "end" : 391,
    "text" : "Tengo un problema con mi cuenta de este mes\r\nEmpleado: Por seguridad necesitamos verificar algunos datos, esta bien\r\nCliente: No hay problema\r\nEmpleado: Cual es su fecha de nacimiento y su email\r\nCliente: El el primero de enero de 1992 y mi email es jon.chido@gmail.com\r\nEmpleado: Gracias por la informacion.",
    "tokens" : [ {
      "id" : "s2-t0",
      "begin" : 83,
      "end" : 88,
      "text" : "Tengo",
      "whiteSpace" : false
    }, {
      "id" : "s2-t1",
      "begin" : 89,
      "end" : 91,
      "text" : "un",
      "whiteSpace" : false
    }, {
      "id" : "s2-t2",
      "begin" : 92,
      "end" : 100,
      "text" : "problema",
      "whiteSpace" : false
    }, {
      "id" : "s2-t3",
      "begin" : 101,
      "end" : 104,
      "text" : "con",
      "whiteSpace" : false
    }, {
      "id" : "s2-t4",
      "begin" : 105,
      "end" : 107,
      "text" : "mi",
      "whiteSpace" : false
    }, {
      "id" : "s2-t5",
      "begin" : 108,
      "end" : 114,
      "text" : "cuenta",
      "whiteSpace" : false
    }, {
      "id" : "s2-t6",
      "begin" : 115,
      "end" : 117,
      "text" : "de",
      "whiteSpace" : false
    }, {
      "id" : "s2-t7",
      "begin" : 118,
      "end" : 122,
      "text" : "este",
      "whiteSpace" : false
    }, {
      "id" : "s2-t8",
      "begin" : 123,
      "end" : 126,
      "text" : "mes",
      "whiteSpace" : false
    }, {
      "id" : "s2-t9",
      "begin" : 128,
      "end" : 136,
      "text" : "Empleado",
      "whiteSpace" : false
    }, {
      "id" : "s2-t10",
      "begin" : 136,
      "end" : 137,
      "text" : ":",
      "whiteSpace" : false
    }, {
      "id" : "s2-t11",
      "begin" : 138,
      "end" : 141,
      "text" : "Por",
      "whiteSpace" : false
    }, {
      "id" : "s2-t12",
      "begin" : 142,
      "end" : 151,
      "text" : "seguridad",
      "whiteSpace" : false
    }, {
      "id" : "s2-t13",
      "begin" : 152,
      "end" : 163,
      "text" : "necesitamos",
      "whiteSpace" : false
    }, {
      "id" : "s2-t14",
      "begin" : 164,
      "end" : 173,
      "text" : "verificar",
      "whiteSpace" : false
    }, {
      "id" : "s2-t15",
      "begin" : 174,
      "end" : 181,
      "text" : "algunos",
      "whiteSpace" : false
    }, {
      "id" : "s2-t16",
      "begin" : 182,
      "end" : 187,
      "text" : "datos",
      "whiteSpace" : false
    }, {
      "id" : "s2-t17",
      "begin" : 187,
      "end" : 188,
      "text" : ",",
      "whiteSpace" : false
    }, {
      "id" : "s2-t18",
      "begin" : 189,
      "end" : 193,
      "text" : "esta",
      "whiteSpace" : false
    }, {
      "id" : "s2-t19",
      "begin" : 194,
      "end" : 198,
      "text" : "bien",
      "whiteSpace" : false
    }, {
      "id" : "s2-t20",
      "begin" : 200,
      "end" : 207,
      "text" : "Cliente",
      "whiteSpace" : false
    }, {
      "id" : "s2-t21",
      "begin" : 207,
      "end" : 208,
      "text" : ":",
      "whiteSpace" : false
    }, {
      "id" : "s2-t22",
      "begin" : 209,
      "end" : 211,
      "text" : "No",
      "whiteSpace" : false
    }, {
      "id" : "s2-t23",
      "begin" : 212,
      "end" : 215,
      "text" : "hay",
      "whiteSpace" : false
    }, {
      "id" : "s2-t24",
      "begin" : 216,
      "end" : 224,
      "text" : "problema",
      "whiteSpace" : false
    }, {
      "id" : "s2-t25",
      "begin" : 226,
      "end" : 234,
      "text" : "Empleado",
      "whiteSpace" : false
    }, {
      "id" : "s2-t26",
      "begin" : 234,
      "end" : 235,
      "text" : ":",
      "whiteSpace" : false
    }, {
      "id" : "s2-t27",
      "begin" : 236,
      "end" : 240,
      "text" : "Cual",
      "whiteSpace" : false
    }, {
      "id" : "s2-t28",
      "begin" : 241,
      "end" : 243,
      "text" : "es",
      "whiteSpace" : false
    }, {
      "id" : "s2-t29",
      "begin" : 244,
      "end" : 246,
      "text" : "su",
      "whiteSpace" : false
    }, {
      "id" : "s2-t30",
      "begin" : 247,
      "end" : 252,
      "text" : "fecha",
      "whiteSpace" : false
    }, {
      "id" : "s2-t31",
      "begin" : 253,
      "end" : 255,
      "text" : "de",
      "whiteSpace" : false
    }, {
      "id" : "s2-t32",
      "begin" : 256,
      "end" : 266,
      "text" : "nacimiento",
      "whiteSpace" : false
    }, {
      "id" : "s2-t33",
      "begin" : 267,
      "end" : 268,
      "text" : "y",
      "whiteSpace" : false
    }, {
      "id" : "s2-t34",
      "begin" : 269,
      "end" : 271,
      "text" : "su",
      "whiteSpace" : false
    }, {
      "id" : "s2-t35",
      "begin" : 272,
      "end" : 277,
      "text" : "email",
      "whiteSpace" : false
    }, {
      "id" : "s2-t36",
      "begin" : 279,
      "end" : 286,
      "text" : "Cliente",
      "whiteSpace" : false
    }, {
      "id" : "s2-t37",
      "begin" : 286,
      "end" : 287,
      "text" : ":",
      "whiteSpace" : false
    }, {
      "id" : "s2-t38",
      "begin" : 288,
      "end" : 290,
      "text" : "El",
      "whiteSpace" : false
    }, {
      "id" : "s2-t39",
      "begin" : 291,
      "end" : 293,
      "text" : "el",
      "whiteSpace" : false
    }, {
      "id" : "s2-t40",
      "begin" : 294,
      "end" : 301,
      "text" : "primero",
      "whiteSpace" : false
    }, {
      "id" : "s2-t41",
      "begin" : 302,
      "end" : 304,
      "text" : "de",
      "whiteSpace" : false
    }, {
      "id" : "s2-t42",
      "begin" : 305,
      "end" : 310,
      "text" : "enero",
      "whiteSpace" : false
    }, {
      "id" : "s2-t43",
      "begin" : 311,
      "end" : 313,
      "text" : "de",
      "whiteSpace" : false
    }, {
      "id" : "s2-t44",
      "begin" : 314,
      "end" : 318,
      "text" : "1992",
      "whiteSpace" : false
    }, {
      "id" : "s2-t45",
      "begin" : 319,
      "end" : 320,
      "text" : "y",
      "whiteSpace" : false
    }, {
      "id" : "s2-t46",
      "begin" : 321,
      "end" : 323,
      "text" : "mi",
      "whiteSpace" : false
    }, {
      "id" : "s2-t47",
      "begin" : 324,
      "end" : 329,
      "text" : "email",
      "whiteSpace" : false
    }, {
      "id" : "s2-t48",
      "begin" : 330,
      "end" : 332,
      "text" : "es",
      "whiteSpace" : false
    }, {
      "id" : "s2-t49",
      "begin" : 333,
      "end" : 352,
      "text" : "jon.chido@gmail.com",
      "whiteSpace" : false
    }, {
      "id" : "s2-t50",
      "begin" : 354,
      "end" : 362,
      "text" : "Empleado",
      "whiteSpace" : false
    }, {
      "id" : "s2-t51",
      "begin" : 362,
      "end" : 363,
      "text" : ":",
      "whiteSpace" : false
    }, {
      "id" : "s2-t52",
      "begin" : 364,
      "end" : 371,
      "text" : "Gracias",
      "whiteSpace" : false
    }, {
      "id" : "s2-t53",
      "begin" : 372,
      "end" : 375,
      "text" : "por",
      "whiteSpace" : false
    }, {
      "id" : "s2-t54",
      "begin" : 376,
      "end" : 378,
      "text" : "la",
      "whiteSpace" : false
    }, {
      "id" : "s2-t55",
      "begin" : 379,
      "end" : 390,
      "text" : "informacion",
      "whiteSpace" : false
    }, {
      "id" : "s2-t56",
      "begin" : 390,
      "end" : 391,
      "text" : ".",
      "whiteSpace" : false
    } ]
  }, {
    "id" : "s3",
    "begin" : 392,
    "end" : 500,
    "text" : "Puede explicarme su problema\r\nCliente: Hay cargos por llamadas que no hice\r\nEmpleado: Se agrega por default.",
    "tokens" : [ {
      "id" : "s3-t0",
      "begin" : 392,
      "end" : 397,
      "text" : "Puede",
      "whiteSpace" : false
    }, {
      "id" : "s3-t1",
      "begin" : 398,
      "end" : 408,
      "text" : "explicarme",
      "whiteSpace" : false
    }, {
      "id" : "s3-t2",
      "begin" : 409,
      "end" : 411,
      "text" : "su",
      "whiteSpace" : false
    }, {
      "id" : "s3-t3",
      "begin" : 412,
      "end" : 420,
      "text" : "problema",
      "whiteSpace" : false
    }, {
      "id" : "s3-t4",
      "begin" : 422,
      "end" : 429,
      "text" : "Cliente",
      "whiteSpace" : false
    }, {
      "id" : "s3-t5",
      "begin" : 429,
      "end" : 430,
      "text" : ":",
      "whiteSpace" : false
    }, {
      "id" : "s3-t6",
      "begin" : 431,
      "end" : 434,
      "text" : "Hay",
      "whiteSpace" : false
    }, {
      "id" : "s3-t7",
      "begin" : 435,
      "end" : 441,
      "text" : "cargos",
      "whiteSpace" : false
    }, {
      "id" : "s3-t8",
      "begin" : 442,
      "end" : 445,
      "text" : "por",
      "whiteSpace" : false
    }, {
      "id" : "s3-t9",
      "begin" : 446,
      "end" : 454,
      "text" : "llamadas",
      "whiteSpace" : false
    }, {
      "id" : "s3-t10",
      "begin" : 455,
      "end" : 458,
      "text" : "que",
      "whiteSpace" : false
    }, {
      "id" : "s3-t11",
      "begin" : 459,
      "end" : 461,
      "text" : "no",
      "whiteSpace" : false
    }, {
      "id" : "s3-t12",
      "begin" : 462,
      "end" : 466,
      "text" : "hice",
      "whiteSpace" : false
    }, {
      "id" : "s3-t13",
      "begin" : 468,
      "end" : 476,
      "text" : "Empleado",
      "whiteSpace" : false
    }, {
      "id" : "s3-t14",
      "begin" : 476,
      "end" : 477,
      "text" : ":",
      "whiteSpace" : false
    }, {
      "id" : "s3-t15",
      "begin" : 478,
      "end" : 480,
      "text" : "Se",
      "whiteSpace" : false
    }, {
      "id" : "s3-t16",
      "begin" : 481,
      "end" : 487,
      "text" : "agrega",
      "whiteSpace" : false
    }, {
      "id" : "s3-t17",
      "begin" : 488,
      "end" : 491,
      "text" : "por",
      "whiteSpace" : false
    }, {
      "id" : "s3-t18",
      "begin" : 492,
      "end" : 499,
      "text" : "default",
      "whiteSpace" : false
    }, {
      "id" : "s3-t19",
      "begin" : 499,
      "end" : 500,
      "text" : ".",
      "whiteSpace" : false
    } ]
  }, {
    "id" : "s4",
    "begin" : 501,
    "end" : 642,
    "text" : "Puedo solicitar que remuevan el cargo extra\r\nCliente: Estaria perfecto\r\nEmpleado: El cambio se vera reflejado en la cuenta del siguiente mes.",
    "tokens" : [ {
      "id" : "s4-t0",
      "begin" : 501,
      "end" : 506,
      "text" : "Puedo",
      "whiteSpace" : false
    }, {
      "id" : "s4-t1",
      "begin" : 507,
      "end" : 516,
      "text" : "solicitar",
      "whiteSpace" : false
    }, {
      "id" : "s4-t2",
      "begin" : 517,
      "end" : 520,
      "text" : "que",
      "whiteSpace" : false
    }, {
      "id" : "s4-t3",
      "begin" : 521,
      "end" : 529,
      "text" : "remuevan",
      "whiteSpace" : false
    }, {
      "id" : "s4-t4",
      "begin" : 530,
      "end" : 532,
      "text" : "el",
      "whiteSpace" : false
    }, {
      "id" : "s4-t5",
      "begin" : 533,
      "end" : 538,
      "text" : "cargo",
      "whiteSpace" : false
    }, {
      "id" : "s4-t6",
      "begin" : 539,
      "end" : 544,
      "text" : "extra",
      "whiteSpace" : false
    }, {
      "id" : "s4-t7",
      "begin" : 546,
      "end" : 553,
      "text" : "Cliente",
      "whiteSpace" : false
    }, {
      "id" : "s4-t8",
      "begin" : 553,
      "end" : 554,
      "text" : ":",
      "whiteSpace" : false
    }, {
      "id" : "s4-t9",
      "begin" : 555,
      "end" : 562,
      "text" : "Estaria",
      "whiteSpace" : false
    }, {
      "id" : "s4-t10",
      "begin" : 563,
      "end" : 571,
      "text" : "perfecto",
      "whiteSpace" : false
    }, {
      "id" : "s4-t11",
      "begin" : 573,
      "end" : 581,
      "text" : "Empleado",
      "whiteSpace" : false
    }, {
      "id" : "s4-t12",
      "begin" : 581,
      "end" : 582,
      "text" : ":",
      "whiteSpace" : false
    }, {
      "id" : "s4-t13",
      "begin" : 583,
      "end" : 585,
      "text" : "El",
      "whiteSpace" : false
    }, {
      "id" : "s4-t14",
      "begin" : 586,
      "end" : 592,
      "text" : "cambio",
      "whiteSpace" : false
    }, {
      "id" : "s4-t15",
      "begin" : 593,
      "end" : 595,
      "text" : "se",
      "whiteSpace" : false
    }, {
      "id" : "s4-t16",
      "begin" : 596,
      "end" : 600,
      "text" : "vera",
      "whiteSpace" : false
    }, {
      "id" : "s4-t17",
      "begin" : 601,
      "end" : 610,
      "text" : "reflejado",
      "whiteSpace" : false
    }, {
      "id" : "s4-t18",
      "begin" : 611,
      "end" : 613,
      "text" : "en",
      "whiteSpace" : false
    }, {
      "id" : "s4-t19",
      "begin" : 614,
      "end" : 616,
      "text" : "la",
      "whiteSpace" : false
    }, {
      "id" : "s4-t20",
      "begin" : 617,
      "end" : 623,
      "text" : "cuenta",
      "whiteSpace" : false
    }, {
      "id" : "s4-t21",
      "begin" : 624,
      "end" : 627,
      "text" : "del",
      "whiteSpace" : false
    }, {
      "id" : "s4-t22",
      "begin" : 628,
      "end" : 637,
      "text" : "siguiente",
      "whiteSpace" : false
    }, {
      "id" : "s4-t23",
      "begin" : 638,
      "end" : 641,
      "text" : "mes",
      "whiteSpace" : false
    }, {
      "id" : "s4-t24",
      "begin" : 641,
      "end" : 642,
      "text" : ".",
      "whiteSpace" : false
    } ]
  }, {
    "id" : "s5",
    "begin" : 643,
    "end" : 678,
    "text" : "Hay algo mas en que pueda ayudarle?",
    "tokens" : [ {
      "id" : "s5-t0",
      "begin" : 643,
      "end" : 646,
      "text" : "Hay",
      "whiteSpace" : false
    }, {
      "id" : "s5-t1",
      "begin" : 647,
      "end" : 651,
      "text" : "algo",
      "whiteSpace" : false
    }, {
      "id" : "s5-t2",
      "begin" : 652,
      "end" : 655,
      "text" : "mas",
      "whiteSpace" : false
    }, {
      "id" : "s5-t3",
      "begin" : 656,
      "end" : 658,
      "text" : "en",
      "whiteSpace" : false
    }, {
      "id" : "s5-t4",
      "begin" : 659,
      "end" : 662,
      "text" : "que",
      "whiteSpace" : false
    }, {
      "id" : "s5-t5",
      "begin" : 663,
      "end" : 668,
      "text" : "pueda",
      "whiteSpace" : false
    }, {
      "id" : "s5-t6",
      "begin" : 669,
      "end" : 677,
      "text" : "ayudarle",
      "whiteSpace" : false
    }, {
      "id" : "s5-t7",
      "begin" : 677,
      "end" : 678,
      "text" : "?",
      "whiteSpace" : false
    } ]
  }, {
    "id" : "s6",
    "begin" : 680,
    "end" : 739,
    "text" : "Cliente: No gracias\r\nEmpleado: Gracias por llamar a Celtel.",
    "tokens" : [ {
      "id" : "s6-t0",
      "begin" : 680,
      "end" : 687,
      "text" : "Cliente",
      "whiteSpace" : false
    }, {
      "id" : "s6-t1",
      "begin" : 687,
      "end" : 688,
      "text" : ":",
      "whiteSpace" : false
    }, {
      "id" : "s6-t2",
      "begin" : 689,
      "end" : 691,
      "text" : "No",
      "whiteSpace" : false
    }, {
      "id" : "s6-t3",
      "begin" : 692,
      "end" : 699,
      "text" : "gracias",
      "whiteSpace" : false
    }, {
      "id" : "s6-t4",
      "begin" : 701,
      "end" : 709,
      "text" : "Empleado",
      "whiteSpace" : false
    }, {
      "id" : "s6-t5",
      "begin" : 709,
      "end" : 710,
      "text" : ":",
      "whiteSpace" : false
    }, {
      "id" : "s6-t6",
      "begin" : 711,
      "end" : 718,
      "text" : "Gracias",
      "whiteSpace" : false
    }, {
      "id" : "s6-t7",
      "begin" : 719,
      "end" : 722,
      "text" : "por",
      "whiteSpace" : false
    }, {
      "id" : "s6-t8",
      "begin" : 723,
      "end" : 729,
      "text" : "llamar",
      "whiteSpace" : false
    }, {
      "id" : "s6-t9",
      "begin" : 730,
      "end" : 731,
      "text" : "a",
      "whiteSpace" : false
    }, {
      "id" : "s6-t10",
      "begin" : 732,
      "end" : 738,
      "text" : "Celtel",
      "whiteSpace" : false
    }, {
      "id" : "s6-t11",
      "begin" : 738,
      "end" : 739,
      "text" : ".",
      "whiteSpace" : false
    } ]
  }, {
    "id" : "s7",
    "begin" : 740,
    "end" : 790,
    "text" : "Que tenga un buen dia\r\nCliente: Gracias igualmente",
    "tokens" : [ {
      "id" : "s7-t0",
      "begin" : 740,
      "end" : 743,
      "text" : "Que",
      "whiteSpace" : false
    }, {
      "id" : "s7-t1",
      "begin" : 744,
      "end" : 749,
      "text" : "tenga",
      "whiteSpace" : false
    }, {
      "id" : "s7-t2",
      "begin" : 750,
      "end" : 752,
      "text" : "un",
      "whiteSpace" : false
    }, {
      "id" : "s7-t3",
      "begin" : 753,
      "end" : 757,
      "text" : "buen",
      "whiteSpace" : false
    }, {
      "id" : "s7-t4",
      "begin" : 758,
      "end" : 761,
      "text" : "dia",
      "whiteSpace" : false
    }, {
      "id" : "s7-t5",
      "begin" : 763,
      "end" : 770,
      "text" : "Cliente",
      "whiteSpace" : false
    }, {
      "id" : "s7-t6",
      "begin" : 770,
      "end" : 771,
      "text" : ":",
      "whiteSpace" : false
    }, {
      "id" : "s7-t7",
      "begin" : 772,
      "end" : 779,
      "text" : "Gracias",
      "whiteSpace" : false
    }, {
      "id" : "s7-t8",
      "begin" : 780,
      "end" : 790,
      "text" : "igualmente",
      "whiteSpace" : false
    } ]
  } ],
  "mentions" : [ {
    "id" : "s1-m1",
    "properties" : {
      "SIRE_MENTION_ROLE" : "Nombre",
      "SIRE_ENTITY_SUBTYPE" : "NONE",
      "SIRE_MENTION_TYPE" : "NONE",
      "SIRE_MENTION_CLASS" : "SPC"
    },
    "type" : "Nombre",
    "begin" : 78,
    "end" : 81,
    "inCoref" : false
  }, {
    "id" : "s2-m1",
    "properties" : {
      "SIRE_MENTION_ROLE" : "Dia_de_nacimiento",
      "SIRE_ENTITY_SUBTYPE" : "NONE",
      "SIRE_MENTION_TYPE" : "NONE",
      "SIRE_MENTION_CLASS" : "SPC"
    },
    "type" : "Dia_de_nacimiento",
    "begin" : 294,
    "end" : 318,
    "inCoref" : false
  }, {
    "id" : "s2-m2",
    "properties" : {
      "SIRE_MENTION_ROLE" : "Mail",
      "SIRE_ENTITY_SUBTYPE" : "NONE",
      "SIRE_MENTION_TYPE" : "NONE",
      "SIRE_MENTION_CLASS" : "SPC"
    },
    "type" : "Mail",
    "begin" : 333,
    "end" : 352,
    "inCoref" : false
  } ],
  "relations" : [ ],
  "corefs" : [ ],
  "typeResolved" : true,
  "userResolved" : false
}