{
  "id" : "8bb2d0c0-8623-11e9-a472-f96576696f20-5",
  "name" : "Texto6.txt",
  "createdDate" : 0,
  "version" : 3,
  "text" : "Cliente: Hola soy Pinto y me encuentro Bangalore\nEmpleado: Hola soy Intu desde el soporte técnico de Tikona Señor, ¿cómo puedo ayudarle Hoy?\nCliente: El problema es que mi banda ancha no está conectando. ¿Puede ayudarme a resolver este problema?\nCliente: Claro Señor, permítame confirmar su ID de cliente.. es 128976 y su dirección es no 18, 19th Cruz, Hebbal, Bangalore 56\nCliente: sí correcto\nEmpleado: y estoy hablando con el Sr. Pinto\nCliente: Así es.\nEmpleado: ¿puedo confirmar que su módem este encendido y conectado a la energía\nCliente: sí, así es.\nEmpleado : Puede apagar el módem y esperar 20 segundos y volver a encenderlo. Me quedaré en la llamada mientras hace eso\nCliente: OK estoy haciendo eso.... acabo de reiniciar el modem\nEmpleado: gracias, por favor espere unos minutos mientras diagnostico su connexión\nCliente: ok\nEmpleado: ¿puede por favor intentar iniciar sesión ahora Señor?\nCliente: OK, voy a iniciar sesión en mi cuenta de banda ancha ahora…. Sí, ahora soy capaz de iniciar sesión\nCliente: Ahora déjame comprobar si soy capaz de navegar por Internet.. Sí, podría navegar a google.com.\nEmpleado: genial, ¿hay algo más que pueda hacer por usted hoy señor?\nCliente: no.. eso es todo gracias.\nEmpleado: Gracias Señor tenga un día maravilloso\n",
  "docLength" : 0,
  "language" : "ES",
  "status" : "SUBMITTED",
  "modifiedDate" : 1559582657107,
  "documentSet" : [ ],
  "preannotation" : [ ],
  "sentences" : [ {
    "id" : "s0",
    "begin" : 0,
    "end" : 116,
    "text" : "Cliente: Hola soy Pinto y me encuentro Bangalore\nEmpleado: Hola soy Intu desde el soporte técnico de Tikona Señor, ¿",
    "tokens" : [ {
      "id" : "s0-t0",
      "begin" : 0,
      "end" : 7,
      "text" : "Cliente",
      "whiteSpace" : false
    }, {
      "id" : "s0-t1",
      "begin" : 7,
      "end" : 8,
      "text" : ":",
      "whiteSpace" : false
    }, {
      "id" : "s0-t2",
      "begin" : 9,
      "end" : 13,
      "text" : "Hola",
      "whiteSpace" : false
    }, {
      "id" : "s0-t3",
      "begin" : 14,
      "end" : 17,
      "text" : "soy",
      "whiteSpace" : false
    }, {
      "id" : "s0-t4",
      "begin" : 18,
      "end" : 23,
      "text" : "Pinto",
      "whiteSpace" : false
    }, {
      "id" : "s0-t5",
      "begin" : 24,
      "end" : 25,
      "text" : "y",
      "whiteSpace" : false
    }, {
      "id" : "s0-t6",
      "begin" : 26,
      "end" : 28,
      "text" : "me",
      "whiteSpace" : false
    }, {
      "id" : "s0-t7",
      "begin" : 29,
      "end" : 38,
      "text" : "encuentro",
      "whiteSpace" : false
    }, {
      "id" : "s0-t8",
      "begin" : 39,
      "end" : 48,
      "text" : "Bangalore",
      "whiteSpace" : false
    }, {
      "id" : "s0-t9",
      "begin" : 49,
      "end" : 57,
      "text" : "Empleado",
      "whiteSpace" : false
    }, {
      "id" : "s0-t10",
      "begin" : 57,
      "end" : 58,
      "text" : ":",
      "whiteSpace" : false
    }, {
      "id" : "s0-t11",
      "begin" : 59,
      "end" : 63,
      "text" : "Hola",
      "whiteSpace" : false
    }, {
      "id" : "s0-t12",
      "begin" : 64,
      "end" : 67,
      "text" : "soy",
      "whiteSpace" : false
    }, {
      "id" : "s0-t13",
      "begin" : 68,
      "end" : 72,
      "text" : "Intu",
      "whiteSpace" : false
    }, {
      "id" : "s0-t14",
      "begin" : 73,
      "end" : 78,
      "text" : "desde",
      "whiteSpace" : false
    }, {
      "id" : "s0-t15",
      "begin" : 79,
      "end" : 81,
      "text" : "el",
      "whiteSpace" : false
    }, {
      "id" : "s0-t16",
      "begin" : 82,
      "end" : 89,
      "text" : "soporte",
      "whiteSpace" : false
    }, {
      "id" : "s0-t17",
      "begin" : 90,
      "end" : 97,
      "text" : "técnico",
      "whiteSpace" : false
    }, {
      "id" : "s0-t18",
      "begin" : 98,
      "end" : 100,
      "text" : "de",
      "whiteSpace" : false
    }, {
      "id" : "s0-t19",
      "begin" : 101,
      "end" : 107,
      "text" : "Tikona",
      "whiteSpace" : false
    }, {
      "id" : "s0-t20",
      "begin" : 108,
      "end" : 113,
      "text" : "Señor",
      "whiteSpace" : false
    }, {
      "id" : "s0-t21",
      "begin" : 113,
      "end" : 114,
      "text" : ",",
      "whiteSpace" : false
    }, {
      "id" : "s0-t22",
      "begin" : 115,
      "end" : 116,
      "text" : "¿",
      "whiteSpace" : false
    } ]
  }, {
    "id" : "s1",
    "begin" : 116,
    "end" : 140,
    "text" : "cómo puedo ayudarle Hoy?",
    "tokens" : [ {
      "id" : "s1-t0",
      "begin" : 116,
      "end" : 120,
      "text" : "cómo",
      "whiteSpace" : false
    }, {
      "id" : "s1-t1",
      "begin" : 121,
      "end" : 126,
      "text" : "puedo",
      "whiteSpace" : false
    }, {
      "id" : "s1-t2",
      "begin" : 127,
      "end" : 135,
      "text" : "ayudarle",
      "whiteSpace" : false
    }, {
      "id" : "s1-t3",
      "begin" : 136,
      "end" : 139,
      "text" : "Hoy",
      "whiteSpace" : false
    }, {
      "id" : "s1-t4",
      "begin" : 139,
      "end" : 140,
      "text" : "?",
      "whiteSpace" : false
    } ]
  }, {
    "id" : "s2",
    "begin" : 141,
    "end" : 205,
    "text" : "Cliente: El problema es que mi banda ancha no está conectando. ¿",
    "tokens" : [ {
      "id" : "s2-t0",
      "begin" : 141,
      "end" : 148,
      "text" : "Cliente",
      "whiteSpace" : false
    }, {
      "id" : "s2-t1",
      "begin" : 148,
      "end" : 149,
      "text" : ":",
      "whiteSpace" : false
    }, {
      "id" : "s2-t2",
      "begin" : 150,
      "end" : 152,
      "text" : "El",
      "whiteSpace" : false
    }, {
      "id" : "s2-t3",
      "begin" : 153,
      "end" : 161,
      "text" : "problema",
      "whiteSpace" : false
    }, {
      "id" : "s2-t4",
      "begin" : 162,
      "end" : 164,
      "text" : "es",
      "whiteSpace" : false
    }, {
      "id" : "s2-t5",
      "begin" : 165,
      "end" : 168,
      "text" : "que",
      "whiteSpace" : false
    }, {
      "id" : "s2-t6",
      "begin" : 169,
      "end" : 171,
      "text" : "mi",
      "whiteSpace" : false
    }, {
      "id" : "s2-t7",
      "begin" : 172,
      "end" : 177,
      "text" : "banda",
      "whiteSpace" : false
    }, {
      "id" : "s2-t8",
      "begin" : 178,
      "end" : 183,
      "text" : "ancha",
      "whiteSpace" : false
    }, {
      "id" : "s2-t9",
      "begin" : 184,
      "end" : 186,
      "text" : "no",
      "whiteSpace" : false
    }, {
      "id" : "s2-t10",
      "begin" : 187,
      "end" : 191,
      "text" : "está",
      "whiteSpace" : false
    }, {
      "id" : "s2-t11",
      "begin" : 192,
      "end" : 202,
      "text" : "conectando",
      "whiteSpace" : false
    }, {
      "id" : "s2-t12",
      "begin" : 202,
      "end" : 203,
      "text" : ".",
      "whiteSpace" : false
    }, {
      "id" : "s2-t13",
      "begin" : 204,
      "end" : 205,
      "text" : "¿",
      "whiteSpace" : false
    } ]
  }, {
    "id" : "s3",
    "begin" : 205,
    "end" : 245,
    "text" : "Puede ayudarme a resolver este problema?",
    "tokens" : [ {
      "id" : "s3-t0",
      "begin" : 205,
      "end" : 210,
      "text" : "Puede",
      "whiteSpace" : false
    }, {
      "id" : "s3-t1",
      "begin" : 211,
      "end" : 219,
      "text" : "ayudarme",
      "whiteSpace" : false
    }, {
      "id" : "s3-t2",
      "begin" : 220,
      "end" : 221,
      "text" : "a",
      "whiteSpace" : false
    }, {
      "id" : "s3-t3",
      "begin" : 222,
      "end" : 230,
      "text" : "resolver",
      "whiteSpace" : false
    }, {
      "id" : "s3-t4",
      "begin" : 231,
      "end" : 235,
      "text" : "este",
      "whiteSpace" : false
    }, {
      "id" : "s3-t5",
      "begin" : 236,
      "end" : 244,
      "text" : "problema",
      "whiteSpace" : false
    }, {
      "id" : "s3-t6",
      "begin" : 244,
      "end" : 245,
      "text" : "?",
      "whiteSpace" : false
    } ]
  }, {
    "id" : "s4",
    "begin" : 246,
    "end" : 455,
    "text" : "Cliente: Claro Señor, permítame confirmar su ID de cliente.. es 128976 y su dirección es no 18, 19th Cruz, Hebbal, Bangalore 56\nCliente: sí correcto\nEmpleado: y estoy hablando con el Sr. Pinto\nCliente: Así es.",
    "tokens" : [ {
      "id" : "s4-t0",
      "begin" : 246,
      "end" : 253,
      "text" : "Cliente",
      "whiteSpace" : false
    }, {
      "id" : "s4-t1",
      "begin" : 253,
      "end" : 254,
      "text" : ":",
      "whiteSpace" : false
    }, {
      "id" : "s4-t2",
      "begin" : 255,
      "end" : 260,
      "text" : "Claro",
      "whiteSpace" : false
    }, {
      "id" : "s4-t3",
      "begin" : 261,
      "end" : 266,
      "text" : "Señor",
      "whiteSpace" : false
    }, {
      "id" : "s4-t4",
      "begin" : 266,
      "end" : 267,
      "text" : ",",
      "whiteSpace" : false
    }, {
      "id" : "s4-t5",
      "begin" : 268,
      "end" : 277,
      "text" : "permítame",
      "whiteSpace" : false
    }, {
      "id" : "s4-t6",
      "begin" : 278,
      "end" : 287,
      "text" : "confirmar",
      "whiteSpace" : false
    }, {
      "id" : "s4-t7",
      "begin" : 288,
      "end" : 290,
      "text" : "su",
      "whiteSpace" : false
    }, {
      "id" : "s4-t8",
      "begin" : 291,
      "end" : 293,
      "text" : "ID",
      "whiteSpace" : false
    }, {
      "id" : "s4-t9",
      "begin" : 294,
      "end" : 296,
      "text" : "de",
      "whiteSpace" : false
    }, {
      "id" : "s4-t10",
      "begin" : 297,
      "end" : 304,
      "text" : "cliente",
      "whiteSpace" : false
    }, {
      "id" : "s4-t11",
      "begin" : 304,
      "end" : 306,
      "text" : "..",
      "whiteSpace" : false
    }, {
      "id" : "s4-t12",
      "begin" : 307,
      "end" : 309,
      "text" : "es",
      "whiteSpace" : false
    }, {
      "id" : "s4-t13",
      "begin" : 310,
      "end" : 316,
      "text" : "128976",
      "whiteSpace" : false
    }, {
      "id" : "s4-t14",
      "begin" : 317,
      "end" : 318,
      "text" : "y",
      "whiteSpace" : false
    }, {
      "id" : "s4-t15",
      "begin" : 319,
      "end" : 321,
      "text" : "su",
      "whiteSpace" : false
    }, {
      "id" : "s4-t16",
      "begin" : 322,
      "end" : 331,
      "text" : "dirección",
      "whiteSpace" : false
    }, {
      "id" : "s4-t17",
      "begin" : 332,
      "end" : 334,
      "text" : "es",
      "whiteSpace" : false
    }, {
      "id" : "s4-t18",
      "begin" : 335,
      "end" : 337,
      "text" : "no",
      "whiteSpace" : false
    }, {
      "id" : "s4-t19",
      "begin" : 338,
      "end" : 340,
      "text" : "18",
      "whiteSpace" : false
    }, {
      "id" : "s4-t20",
      "begin" : 340,
      "end" : 341,
      "text" : ",",
      "whiteSpace" : false
    }, {
      "id" : "s4-t21",
      "begin" : 342,
      "end" : 346,
      "text" : "19th",
      "whiteSpace" : false
    }, {
      "id" : "s4-t22",
      "begin" : 347,
      "end" : 351,
      "text" : "Cruz",
      "whiteSpace" : false
    }, {
      "id" : "s4-t23",
      "begin" : 351,
      "end" : 352,
      "text" : ",",
      "whiteSpace" : false
    }, {
      "id" : "s4-t24",
      "begin" : 353,
      "end" : 359,
      "text" : "Hebbal",
      "whiteSpace" : false
    }, {
      "id" : "s4-t25",
      "begin" : 359,
      "end" : 360,
      "text" : ",",
      "whiteSpace" : false
    }, {
      "id" : "s4-t26",
      "begin" : 361,
      "end" : 370,
      "text" : "Bangalore",
      "whiteSpace" : false
    }, {
      "id" : "s4-t27",
      "begin" : 371,
      "end" : 373,
      "text" : "56",
      "whiteSpace" : false
    }, {
      "id" : "s4-t28",
      "begin" : 374,
      "end" : 381,
      "text" : "Cliente",
      "whiteSpace" : false
    }, {
      "id" : "s4-t29",
      "begin" : 381,
      "end" : 382,
      "text" : ":",
      "whiteSpace" : false
    }, {
      "id" : "s4-t30",
      "begin" : 383,
      "end" : 385,
      "text" : "sí",
      "whiteSpace" : false
    }, {
      "id" : "s4-t31",
      "begin" : 386,
      "end" : 394,
      "text" : "correcto",
      "whiteSpace" : false
    }, {
      "id" : "s4-t32",
      "begin" : 395,
      "end" : 403,
      "text" : "Empleado",
      "whiteSpace" : false
    }, {
      "id" : "s4-t33",
      "begin" : 403,
      "end" : 404,
      "text" : ":",
      "whiteSpace" : false
    }, {
      "id" : "s4-t34",
      "begin" : 405,
      "end" : 406,
      "text" : "y",
      "whiteSpace" : false
    }, {
      "id" : "s4-t35",
      "begin" : 407,
      "end" : 412,
      "text" : "estoy",
      "whiteSpace" : false
    }, {
      "id" : "s4-t36",
      "begin" : 413,
      "end" : 421,
      "text" : "hablando",
      "whiteSpace" : false
    }, {
      "id" : "s4-t37",
      "begin" : 422,
      "end" : 425,
      "text" : "con",
      "whiteSpace" : false
    }, {
      "id" : "s4-t38",
      "begin" : 426,
      "end" : 428,
      "text" : "el",
      "whiteSpace" : false
    }, {
      "id" : "s4-t39",
      "begin" : 429,
      "end" : 432,
      "text" : "Sr.",
      "whiteSpace" : false
    }, {
      "id" : "s4-t40",
      "begin" : 433,
      "end" : 438,
      "text" : "Pinto",
      "whiteSpace" : false
    }, {
      "id" : "s4-t41",
      "begin" : 439,
      "end" : 446,
      "text" : "Cliente",
      "whiteSpace" : false
    }, {
      "id" : "s4-t42",
      "begin" : 446,
      "end" : 447,
      "text" : ":",
      "whiteSpace" : false
    }, {
      "id" : "s4-t43",
      "begin" : 448,
      "end" : 451,
      "text" : "Así",
      "whiteSpace" : false
    }, {
      "id" : "s4-t44",
      "begin" : 452,
      "end" : 454,
      "text" : "es",
      "whiteSpace" : false
    }, {
      "id" : "s4-t45",
      "begin" : 454,
      "end" : 455,
      "text" : ".",
      "whiteSpace" : false
    } ]
  }, {
    "id" : "s5",
    "begin" : 456,
    "end" : 467,
    "text" : "Empleado: ¿",
    "tokens" : [ {
      "id" : "s5-t0",
      "begin" : 456,
      "end" : 464,
      "text" : "Empleado",
      "whiteSpace" : false
    }, {
      "id" : "s5-t1",
      "begin" : 464,
      "end" : 465,
      "text" : ":",
      "whiteSpace" : false
    }, {
      "id" : "s5-t2",
      "begin" : 466,
      "end" : 467,
      "text" : "¿",
      "whiteSpace" : false
    } ]
  }, {
    "id" : "s6",
    "begin" : 467,
    "end" : 556,
    "text" : "puedo confirmar que su módem este encendido y conectado a la energía\nCliente: sí, así es.",
    "tokens" : [ {
      "id" : "s6-t0",
      "begin" : 467,
      "end" : 472,
      "text" : "puedo",
      "whiteSpace" : false
    }, {
      "id" : "s6-t1",
      "begin" : 473,
      "end" : 482,
      "text" : "confirmar",
      "whiteSpace" : false
    }, {
      "id" : "s6-t2",
      "begin" : 483,
      "end" : 486,
      "text" : "que",
      "whiteSpace" : false
    }, {
      "id" : "s6-t3",
      "begin" : 487,
      "end" : 489,
      "text" : "su",
      "whiteSpace" : false
    }, {
      "id" : "s6-t4",
      "begin" : 490,
      "end" : 495,
      "text" : "módem",
      "whiteSpace" : false
    }, {
      "id" : "s6-t5",
      "begin" : 496,
      "end" : 500,
      "text" : "este",
      "whiteSpace" : false
    }, {
      "id" : "s6-t6",
      "begin" : 501,
      "end" : 510,
      "text" : "encendido",
      "whiteSpace" : false
    }, {
      "id" : "s6-t7",
      "begin" : 511,
      "end" : 512,
      "text" : "y",
      "whiteSpace" : false
    }, {
      "id" : "s6-t8",
      "begin" : 513,
      "end" : 522,
      "text" : "conectado",
      "whiteSpace" : false
    }, {
      "id" : "s6-t9",
      "begin" : 523,
      "end" : 524,
      "text" : "a",
      "whiteSpace" : false
    }, {
      "id" : "s6-t10",
      "begin" : 525,
      "end" : 527,
      "text" : "la",
      "whiteSpace" : false
    }, {
      "id" : "s6-t11",
      "begin" : 528,
      "end" : 535,
      "text" : "energía",
      "whiteSpace" : false
    }, {
      "id" : "s6-t12",
      "begin" : 536,
      "end" : 543,
      "text" : "Cliente",
      "whiteSpace" : false
    }, {
      "id" : "s6-t13",
      "begin" : 543,
      "end" : 544,
      "text" : ":",
      "whiteSpace" : false
    }, {
      "id" : "s6-t14",
      "begin" : 545,
      "end" : 547,
      "text" : "sí",
      "whiteSpace" : false
    }, {
      "id" : "s6-t15",
      "begin" : 547,
      "end" : 548,
      "text" : ",",
      "whiteSpace" : false
    }, {
      "id" : "s6-t16",
      "begin" : 549,
      "end" : 552,
      "text" : "así",
      "whiteSpace" : false
    }, {
      "id" : "s6-t17",
      "begin" : 553,
      "end" : 555,
      "text" : "es",
      "whiteSpace" : false
    }, {
      "id" : "s6-t18",
      "begin" : 555,
      "end" : 556,
      "text" : ".",
      "whiteSpace" : false
    } ]
  }, {
    "id" : "s7",
    "begin" : 557,
    "end" : 634,
    "text" : "Empleado : Puede apagar el módem y esperar 20 segundos y volver a encenderlo.",
    "tokens" : [ {
      "id" : "s7-t0",
      "begin" : 557,
      "end" : 565,
      "text" : "Empleado",
      "whiteSpace" : false
    }, {
      "id" : "s7-t1",
      "begin" : 566,
      "end" : 567,
      "text" : ":",
      "whiteSpace" : false
    }, {
      "id" : "s7-t2",
      "begin" : 568,
      "end" : 573,
      "text" : "Puede",
      "whiteSpace" : false
    }, {
      "id" : "s7-t3",
      "begin" : 574,
      "end" : 580,
      "text" : "apagar",
      "whiteSpace" : false
    }, {
      "id" : "s7-t4",
      "begin" : 581,
      "end" : 583,
      "text" : "el",
      "whiteSpace" : false
    }, {
      "id" : "s7-t5",
      "begin" : 584,
      "end" : 589,
      "text" : "módem",
      "whiteSpace" : false
    }, {
      "id" : "s7-t6",
      "begin" : 590,
      "end" : 591,
      "text" : "y",
      "whiteSpace" : false
    }, {
      "id" : "s7-t7",
      "begin" : 592,
      "end" : 599,
      "text" : "esperar",
      "whiteSpace" : false
    }, {
      "id" : "s7-t8",
      "begin" : 600,
      "end" : 602,
      "text" : "20",
      "whiteSpace" : false
    }, {
      "id" : "s7-t9",
      "begin" : 603,
      "end" : 611,
      "text" : "segundos",
      "whiteSpace" : false
    }, {
      "id" : "s7-t10",
      "begin" : 612,
      "end" : 613,
      "text" : "y",
      "whiteSpace" : false
    }, {
      "id" : "s7-t11",
      "begin" : 614,
      "end" : 620,
      "text" : "volver",
      "whiteSpace" : false
    }, {
      "id" : "s7-t12",
      "begin" : 621,
      "end" : 622,
      "text" : "a",
      "whiteSpace" : false
    }, {
      "id" : "s7-t13",
      "begin" : 623,
      "end" : 633,
      "text" : "encenderlo",
      "whiteSpace" : false
    }, {
      "id" : "s7-t14",
      "begin" : 633,
      "end" : 634,
      "text" : ".",
      "whiteSpace" : false
    } ]
  }, {
    "id" : "s8",
    "begin" : 635,
    "end" : 847,
    "text" : "Me quedaré en la llamada mientras hace eso\nCliente: OK estoy haciendo eso.... acabo de reiniciar el modem\nEmpleado: gracias, por favor espere unos minutos mientras diagnostico su connexión\nCliente: ok\nEmpleado: ¿",
    "tokens" : [ {
      "id" : "s8-t0",
      "begin" : 635,
      "end" : 637,
      "text" : "Me",
      "whiteSpace" : false
    }, {
      "id" : "s8-t1",
      "begin" : 638,
      "end" : 645,
      "text" : "quedaré",
      "whiteSpace" : false
    }, {
      "id" : "s8-t2",
      "begin" : 646,
      "end" : 648,
      "text" : "en",
      "whiteSpace" : false
    }, {
      "id" : "s8-t3",
      "begin" : 649,
      "end" : 651,
      "text" : "la",
      "whiteSpace" : false
    }, {
      "id" : "s8-t4",
      "begin" : 652,
      "end" : 659,
      "text" : "llamada",
      "whiteSpace" : false
    }, {
      "id" : "s8-t5",
      "begin" : 660,
      "end" : 668,
      "text" : "mientras",
      "whiteSpace" : false
    }, {
      "id" : "s8-t6",
      "begin" : 669,
      "end" : 673,
      "text" : "hace",
      "whiteSpace" : false
    }, {
      "id" : "s8-t7",
      "begin" : 674,
      "end" : 677,
      "text" : "eso",
      "whiteSpace" : false
    }, {
      "id" : "s8-t8",
      "begin" : 678,
      "end" : 685,
      "text" : "Cliente",
      "whiteSpace" : false
    }, {
      "id" : "s8-t9",
      "begin" : 685,
      "end" : 686,
      "text" : ":",
      "whiteSpace" : false
    }, {
      "id" : "s8-t10",
      "begin" : 687,
      "end" : 689,
      "text" : "OK",
      "whiteSpace" : false
    }, {
      "id" : "s8-t11",
      "begin" : 690,
      "end" : 695,
      "text" : "estoy",
      "whiteSpace" : false
    }, {
      "id" : "s8-t12",
      "begin" : 696,
      "end" : 704,
      "text" : "haciendo",
      "whiteSpace" : false
    }, {
      "id" : "s8-t13",
      "begin" : 705,
      "end" : 708,
      "text" : "eso",
      "whiteSpace" : false
    }, {
      "id" : "s8-t14",
      "begin" : 708,
      "end" : 712,
      "text" : "....",
      "whiteSpace" : false
    }, {
      "id" : "s8-t15",
      "begin" : 713,
      "end" : 718,
      "text" : "acabo",
      "whiteSpace" : false
    }, {
      "id" : "s8-t16",
      "begin" : 719,
      "end" : 721,
      "text" : "de",
      "whiteSpace" : false
    }, {
      "id" : "s8-t17",
      "begin" : 722,
      "end" : 731,
      "text" : "reiniciar",
      "whiteSpace" : false
    }, {
      "id" : "s8-t18",
      "begin" : 732,
      "end" : 734,
      "text" : "el",
      "whiteSpace" : false
    }, {
      "id" : "s8-t19",
      "begin" : 735,
      "end" : 740,
      "text" : "modem",
      "whiteSpace" : false
    }, {
      "id" : "s8-t20",
      "begin" : 741,
      "end" : 749,
      "text" : "Empleado",
      "whiteSpace" : false
    }, {
      "id" : "s8-t21",
      "begin" : 749,
      "end" : 750,
      "text" : ":",
      "whiteSpace" : false
    }, {
      "id" : "s8-t22",
      "begin" : 751,
      "end" : 758,
      "text" : "gracias",
      "whiteSpace" : false
    }, {
      "id" : "s8-t23",
      "begin" : 758,
      "end" : 759,
      "text" : ",",
      "whiteSpace" : false
    }, {
      "id" : "s8-t24",
      "begin" : 760,
      "end" : 763,
      "text" : "por",
      "whiteSpace" : false
    }, {
      "id" : "s8-t25",
      "begin" : 764,
      "end" : 769,
      "text" : "favor",
      "whiteSpace" : false
    }, {
      "id" : "s8-t26",
      "begin" : 770,
      "end" : 776,
      "text" : "espere",
      "whiteSpace" : false
    }, {
      "id" : "s8-t27",
      "begin" : 777,
      "end" : 781,
      "text" : "unos",
      "whiteSpace" : false
    }, {
      "id" : "s8-t28",
      "begin" : 782,
      "end" : 789,
      "text" : "minutos",
      "whiteSpace" : false
    }, {
      "id" : "s8-t29",
      "begin" : 790,
      "end" : 798,
      "text" : "mientras",
      "whiteSpace" : false
    }, {
      "id" : "s8-t30",
      "begin" : 799,
      "end" : 810,
      "text" : "diagnostico",
      "whiteSpace" : false
    }, {
      "id" : "s8-t31",
      "begin" : 811,
      "end" : 813,
      "text" : "su",
      "whiteSpace" : false
    }, {
      "id" : "s8-t32",
      "begin" : 814,
      "end" : 823,
      "text" : "connexión",
      "whiteSpace" : false
    }, {
      "id" : "s8-t33",
      "begin" : 824,
      "end" : 831,
      "text" : "Cliente",
      "whiteSpace" : false
    }, {
      "id" : "s8-t34",
      "begin" : 831,
      "end" : 832,
      "text" : ":",
      "whiteSpace" : false
    }, {
      "id" : "s8-t35",
      "begin" : 833,
      "end" : 835,
      "text" : "ok",
      "whiteSpace" : false
    }, {
      "id" : "s8-t36",
      "begin" : 836,
      "end" : 844,
      "text" : "Empleado",
      "whiteSpace" : false
    }, {
      "id" : "s8-t37",
      "begin" : 844,
      "end" : 845,
      "text" : ":",
      "whiteSpace" : false
    }, {
      "id" : "s8-t38",
      "begin" : 846,
      "end" : 847,
      "text" : "¿",
      "whiteSpace" : false
    } ]
  }, {
    "id" : "s9",
    "begin" : 847,
    "end" : 899,
    "text" : "puede por favor intentar iniciar sesión ahora Señor?",
    "tokens" : [ {
      "id" : "s9-t0",
      "begin" : 847,
      "end" : 852,
      "text" : "puede",
      "whiteSpace" : false
    }, {
      "id" : "s9-t1",
      "begin" : 853,
      "end" : 856,
      "text" : "por",
      "whiteSpace" : false
    }, {
      "id" : "s9-t2",
      "begin" : 857,
      "end" : 862,
      "text" : "favor",
      "whiteSpace" : false
    }, {
      "id" : "s9-t3",
      "begin" : 863,
      "end" : 871,
      "text" : "intentar",
      "whiteSpace" : false
    }, {
      "id" : "s9-t4",
      "begin" : 872,
      "end" : 879,
      "text" : "iniciar",
      "whiteSpace" : false
    }, {
      "id" : "s9-t5",
      "begin" : 880,
      "end" : 886,
      "text" : "sesión",
      "whiteSpace" : false
    }, {
      "id" : "s9-t6",
      "begin" : 887,
      "end" : 892,
      "text" : "ahora",
      "whiteSpace" : false
    }, {
      "id" : "s9-t7",
      "begin" : 893,
      "end" : 898,
      "text" : "Señor",
      "whiteSpace" : false
    }, {
      "id" : "s9-t8",
      "begin" : 898,
      "end" : 899,
      "text" : "?",
      "whiteSpace" : false
    } ]
  }, {
    "id" : "s10",
    "begin" : 900,
    "end" : 969,
    "text" : "Cliente: OK, voy a iniciar sesión en mi cuenta de banda ancha ahora….",
    "tokens" : [ {
      "id" : "s10-t0",
      "begin" : 900,
      "end" : 907,
      "text" : "Cliente",
      "whiteSpace" : false
    }, {
      "id" : "s10-t1",
      "begin" : 907,
      "end" : 908,
      "text" : ":",
      "whiteSpace" : false
    }, {
      "id" : "s10-t2",
      "begin" : 909,
      "end" : 911,
      "text" : "OK",
      "whiteSpace" : false
    }, {
      "id" : "s10-t3",
      "begin" : 911,
      "end" : 912,
      "text" : ",",
      "whiteSpace" : false
    }, {
      "id" : "s10-t4",
      "begin" : 913,
      "end" : 916,
      "text" : "voy",
      "whiteSpace" : false
    }, {
      "id" : "s10-t5",
      "begin" : 917,
      "end" : 918,
      "text" : "a",
      "whiteSpace" : false
    }, {
      "id" : "s10-t6",
      "begin" : 919,
      "end" : 926,
      "text" : "iniciar",
      "whiteSpace" : false
    }, {
      "id" : "s10-t7",
      "begin" : 927,
      "end" : 933,
      "text" : "sesión",
      "whiteSpace" : false
    }, {
      "id" : "s10-t8",
      "begin" : 934,
      "end" : 936,
      "text" : "en",
      "whiteSpace" : false
    }, {
      "id" : "s10-t9",
      "begin" : 937,
      "end" : 939,
      "text" : "mi",
      "whiteSpace" : false
    }, {
      "id" : "s10-t10",
      "begin" : 940,
      "end" : 946,
      "text" : "cuenta",
      "whiteSpace" : false
    }, {
      "id" : "s10-t11",
      "begin" : 947,
      "end" : 949,
      "text" : "de",
      "whiteSpace" : false
    }, {
      "id" : "s10-t12",
      "begin" : 950,
      "end" : 955,
      "text" : "banda",
      "whiteSpace" : false
    }, {
      "id" : "s10-t13",
      "begin" : 956,
      "end" : 961,
      "text" : "ancha",
      "whiteSpace" : false
    }, {
      "id" : "s10-t14",
      "begin" : 962,
      "end" : 967,
      "text" : "ahora",
      "whiteSpace" : false
    }, {
      "id" : "s10-t15",
      "begin" : 967,
      "end" : 968,
      "text" : "…",
      "whiteSpace" : false
    }, {
      "id" : "s10-t16",
      "begin" : 968,
      "end" : 969,
      "text" : ".",
      "whiteSpace" : false
    } ]
  }, {
    "id" : "s11",
    "begin" : 970,
    "end" : 1111,
    "text" : "Sí, ahora soy capaz de iniciar sesión\nCliente: Ahora déjame comprobar si soy capaz de navegar por Internet.. Sí, podría navegar a google.com.",
    "tokens" : [ {
      "id" : "s11-t0",
      "begin" : 970,
      "end" : 972,
      "text" : "Sí",
      "whiteSpace" : false
    }, {
      "id" : "s11-t1",
      "begin" : 972,
      "end" : 973,
      "text" : ",",
      "whiteSpace" : false
    }, {
      "id" : "s11-t2",
      "begin" : 974,
      "end" : 979,
      "text" : "ahora",
      "whiteSpace" : false
    }, {
      "id" : "s11-t3",
      "begin" : 980,
      "end" : 983,
      "text" : "soy",
      "whiteSpace" : false
    }, {
      "id" : "s11-t4",
      "begin" : 984,
      "end" : 989,
      "text" : "capaz",
      "whiteSpace" : false
    }, {
      "id" : "s11-t5",
      "begin" : 990,
      "end" : 992,
      "text" : "de",
      "whiteSpace" : false
    }, {
      "id" : "s11-t6",
      "begin" : 993,
      "end" : 1000,
      "text" : "iniciar",
      "whiteSpace" : false
    }, {
      "id" : "s11-t7",
      "begin" : 1001,
      "end" : 1007,
      "text" : "sesión",
      "whiteSpace" : false
    }, {
      "id" : "s11-t8",
      "begin" : 1008,
      "end" : 1015,
      "text" : "Cliente",
      "whiteSpace" : false
    }, {
      "id" : "s11-t9",
      "begin" : 1015,
      "end" : 1016,
      "text" : ":",
      "whiteSpace" : false
    }, {
      "id" : "s11-t10",
      "begin" : 1017,
      "end" : 1022,
      "text" : "Ahora",
      "whiteSpace" : false
    }, {
      "id" : "s11-t11",
      "begin" : 1023,
      "end" : 1029,
      "text" : "déjame",
      "whiteSpace" : false
    }, {
      "id" : "s11-t12",
      "begin" : 1030,
      "end" : 1039,
      "text" : "comprobar",
      "whiteSpace" : false
    }, {
      "id" : "s11-t13",
      "begin" : 1040,
      "end" : 1042,
      "text" : "si",
      "whiteSpace" : false
    }, {
      "id" : "s11-t14",
      "begin" : 1043,
      "end" : 1046,
      "text" : "soy",
      "whiteSpace" : false
    }, {
      "id" : "s11-t15",
      "begin" : 1047,
      "end" : 1052,
      "text" : "capaz",
      "whiteSpace" : false
    }, {
      "id" : "s11-t16",
      "begin" : 1053,
      "end" : 1055,
      "text" : "de",
      "whiteSpace" : false
    }, {
      "id" : "s11-t17",
      "begin" : 1056,
      "end" : 1063,
      "text" : "navegar",
      "whiteSpace" : false
    }, {
      "id" : "s11-t18",
      "begin" : 1064,
      "end" : 1067,
      "text" : "por",
      "whiteSpace" : false
    }, {
      "id" : "s11-t19",
      "begin" : 1068,
      "end" : 1076,
      "text" : "Internet",
      "whiteSpace" : false
    }, {
      "id" : "s11-t20",
      "begin" : 1076,
      "end" : 1078,
      "text" : "..",
      "whiteSpace" : false
    }, {
      "id" : "s11-t21",
      "begin" : 1079,
      "end" : 1081,
      "text" : "Sí",
      "whiteSpace" : false
    }, {
      "id" : "s11-t22",
      "begin" : 1081,
      "end" : 1082,
      "text" : ",",
      "whiteSpace" : false
    }, {
      "id" : "s11-t23",
      "begin" : 1083,
      "end" : 1089,
      "text" : "podría",
      "whiteSpace" : false
    }, {
      "id" : "s11-t24",
      "begin" : 1090,
      "end" : 1097,
      "text" : "navegar",
      "whiteSpace" : false
    }, {
      "id" : "s11-t25",
      "begin" : 1098,
      "end" : 1099,
      "text" : "a",
      "whiteSpace" : false
    }, {
      "id" : "s11-t26",
      "begin" : 1100,
      "end" : 1110,
      "text" : "google.com",
      "whiteSpace" : false
    }, {
      "id" : "s11-t27",
      "begin" : 1110,
      "end" : 1111,
      "text" : ".",
      "whiteSpace" : false
    } ]
  }, {
    "id" : "s12",
    "begin" : 1112,
    "end" : 1131,
    "text" : "Empleado: genial, ¿",
    "tokens" : [ {
      "id" : "s12-t0",
      "begin" : 1112,
      "end" : 1120,
      "text" : "Empleado",
      "whiteSpace" : false
    }, {
      "id" : "s12-t1",
      "begin" : 1120,
      "end" : 1121,
      "text" : ":",
      "whiteSpace" : false
    }, {
      "id" : "s12-t2",
      "begin" : 1122,
      "end" : 1128,
      "text" : "genial",
      "whiteSpace" : false
    }, {
      "id" : "s12-t3",
      "begin" : 1128,
      "end" : 1129,
      "text" : ",",
      "whiteSpace" : false
    }, {
      "id" : "s12-t4",
      "begin" : 1130,
      "end" : 1131,
      "text" : "¿",
      "whiteSpace" : false
    } ]
  }, {
    "id" : "s13",
    "begin" : 1131,
    "end" : 1180,
    "text" : "hay algo más que pueda hacer por usted hoy señor?",
    "tokens" : [ {
      "id" : "s13-t0",
      "begin" : 1131,
      "end" : 1134,
      "text" : "hay",
      "whiteSpace" : false
    }, {
      "id" : "s13-t1",
      "begin" : 1135,
      "end" : 1139,
      "text" : "algo",
      "whiteSpace" : false
    }, {
      "id" : "s13-t2",
      "begin" : 1140,
      "end" : 1143,
      "text" : "más",
      "whiteSpace" : false
    }, {
      "id" : "s13-t3",
      "begin" : 1144,
      "end" : 1147,
      "text" : "que",
      "whiteSpace" : false
    }, {
      "id" : "s13-t4",
      "begin" : 1148,
      "end" : 1153,
      "text" : "pueda",
      "whiteSpace" : false
    }, {
      "id" : "s13-t5",
      "begin" : 1154,
      "end" : 1159,
      "text" : "hacer",
      "whiteSpace" : false
    }, {
      "id" : "s13-t6",
      "begin" : 1160,
      "end" : 1163,
      "text" : "por",
      "whiteSpace" : false
    }, {
      "id" : "s13-t7",
      "begin" : 1164,
      "end" : 1169,
      "text" : "usted",
      "whiteSpace" : false
    }, {
      "id" : "s13-t8",
      "begin" : 1170,
      "end" : 1173,
      "text" : "hoy",
      "whiteSpace" : false
    }, {
      "id" : "s13-t9",
      "begin" : 1174,
      "end" : 1179,
      "text" : "señor",
      "whiteSpace" : false
    }, {
      "id" : "s13-t10",
      "begin" : 1179,
      "end" : 1180,
      "text" : "?",
      "whiteSpace" : false
    } ]
  }, {
    "id" : "s14",
    "begin" : 1181,
    "end" : 1215,
    "text" : "Cliente: no.. eso es todo gracias.",
    "tokens" : [ {
      "id" : "s14-t0",
      "begin" : 1181,
      "end" : 1188,
      "text" : "Cliente",
      "whiteSpace" : false
    }, {
      "id" : "s14-t1",
      "begin" : 1188,
      "end" : 1189,
      "text" : ":",
      "whiteSpace" : false
    }, {
      "id" : "s14-t2",
      "begin" : 1190,
      "end" : 1192,
      "text" : "no",
      "whiteSpace" : false
    }, {
      "id" : "s14-t3",
      "begin" : 1192,
      "end" : 1194,
      "text" : "..",
      "whiteSpace" : false
    }, {
      "id" : "s14-t4",
      "begin" : 1195,
      "end" : 1198,
      "text" : "eso",
      "whiteSpace" : false
    }, {
      "id" : "s14-t5",
      "begin" : 1199,
      "end" : 1201,
      "text" : "es",
      "whiteSpace" : false
    }, {
      "id" : "s14-t6",
      "begin" : 1202,
      "end" : 1206,
      "text" : "todo",
      "whiteSpace" : false
    }, {
      "id" : "s14-t7",
      "begin" : 1207,
      "end" : 1214,
      "text" : "gracias",
      "whiteSpace" : false
    }, {
      "id" : "s14-t8",
      "begin" : 1214,
      "end" : 1215,
      "text" : ".",
      "whiteSpace" : false
    } ]
  }, {
    "id" : "s15",
    "begin" : 1216,
    "end" : 1264,
    "text" : "Empleado: Gracias Señor tenga un día maravilloso",
    "tokens" : [ {
      "id" : "s15-t0",
      "begin" : 1216,
      "end" : 1224,
      "text" : "Empleado",
      "whiteSpace" : false
    }, {
      "id" : "s15-t1",
      "begin" : 1224,
      "end" : 1225,
      "text" : ":",
      "whiteSpace" : false
    }, {
      "id" : "s15-t2",
      "begin" : 1226,
      "end" : 1233,
      "text" : "Gracias",
      "whiteSpace" : false
    }, {
      "id" : "s15-t3",
      "begin" : 1234,
      "end" : 1239,
      "text" : "Señor",
      "whiteSpace" : false
    }, {
      "id" : "s15-t4",
      "begin" : 1240,
      "end" : 1245,
      "text" : "tenga",
      "whiteSpace" : false
    }, {
      "id" : "s15-t5",
      "begin" : 1246,
      "end" : 1248,
      "text" : "un",
      "whiteSpace" : false
    }, {
      "id" : "s15-t6",
      "begin" : 1249,
      "end" : 1252,
      "text" : "día",
      "whiteSpace" : false
    }, {
      "id" : "s15-t7",
      "begin" : 1253,
      "end" : 1264,
      "text" : "maravilloso",
      "whiteSpace" : false
    } ]
  } ],
  "mentions" : [ {
    "id" : "s0-m1",
    "properties" : {
      "SIRE_MENTION_ROLE" : "Nombre",
      "SIRE_ENTITY_SUBTYPE" : "NONE",
      "SIRE_MENTION_TYPE" : "NONE",
      "SIRE_MENTION_CLASS" : "SPC"
    },
    "type" : "Nombre",
    "begin" : 18,
    "end" : 23,
    "inCoref" : false
  }, {
    "id" : "s4-m1",
    "properties" : {
      "SIRE_MENTION_ROLE" : "ID_empleado",
      "SIRE_ENTITY_SUBTYPE" : "NONE",
      "SIRE_MENTION_TYPE" : "NONE",
      "SIRE_MENTION_CLASS" : "SPC"
    },
    "type" : "ID_empleado",
    "begin" : 310,
    "end" : 316,
    "inCoref" : false
  }, {
    "id" : "s4-m2",
    "properties" : {
      "SIRE_MENTION_ROLE" : "Direccion",
      "SIRE_ENTITY_SUBTYPE" : "NONE",
      "SIRE_MENTION_TYPE" : "NONE",
      "SIRE_MENTION_CLASS" : "SPC"
    },
    "type" : "Direccion",
    "begin" : 335,
    "end" : 373,
    "inCoref" : false
  }, {
    "id" : "s4-m3",
    "properties" : {
      "SIRE_MENTION_ROLE" : "Nombre",
      "SIRE_ENTITY_SUBTYPE" : "NONE",
      "SIRE_MENTION_TYPE" : "NONE",
      "SIRE_MENTION_CLASS" : "SPC"
    },
    "type" : "Nombre",
    "begin" : 433,
    "end" : 438,
    "inCoref" : false
  } ],
  "relations" : [ ],
  "corefs" : [ ],
  "typeResolved" : true,
  "userResolved" : false
}