{
  "id" : "8bb2d0c0-8623-11e9-a472-f96576696f20-8",
  "name" : "Texto9.txt",
  "createdDate" : 0,
  "version" : 3,
  "text" : "Empleado: Bienvenido a Celtel. Habla Sanjay. ¿Cómo puedo ayudarle\nCliente: mi facturación es Incorrecta\nEmpleado: Me podría dar su número de teléfono por favor\nCliente: sí, mi número de teléfono es 8765453213\nEmpleado: ¿De quién es este número registrado?\nCliente: Amit\nEmpleado: para la verificación me puede confirmar su fecha de nacimiento y correo electrónico ID\nCliente: fecha de nacimiento es el 20 de julio de 1980 y el correo electrónico es amit@whatever.com\nCliente: ¿Cuál es el problema en la facturación señor\nCliente: se me cobra por el paquete de datos, mientras que había solicitado la cancelación de la suscripción del paquete de datos un hace un mes\nEmpleado: Le ofrezco disculpas Señor voy a comprobar ¿puedo dejar su llamada en espera un minuto, por favor?\nCliente: Claro\nEmpleado: gracias\nEmpleado: sí, parece que hay un problema. Iniciaré la reversión de los datos de los cargos\nCliente: ¿puedo obtener una copia impresa de la factura a mi dirección por favor? Empleado: por favor, confirme su dirección\nCliente: mi dirección es: casa no 13, bloque 2, diseño de Nandini, Bengaluru-560016 Empleado: he tomado su solicitud de factura de papel que lo obtendrá en una semana\nCliente: ok\nEmpleado: ¿hay algo más en lo que pueda ayudarle?\nCliente: no\nEmpleado: gracias. Ten un buen día.. Bye\n",
  "docLength" : 0,
  "language" : "ES",
  "status" : "SUBMITTED",
  "modifiedDate" : 1559582815230,
  "documentSet" : [ ],
  "preannotation" : [ ],
  "sentences" : [ {
    "id" : "s0",
    "begin" : 0,
    "end" : 30,
    "text" : "Empleado: Bienvenido a Celtel.",
    "tokens" : [ {
      "id" : "s0-t0",
      "begin" : 0,
      "end" : 8,
      "text" : "Empleado",
      "whiteSpace" : false
    }, {
      "id" : "s0-t1",
      "begin" : 8,
      "end" : 9,
      "text" : ":",
      "whiteSpace" : false
    }, {
      "id" : "s0-t2",
      "begin" : 10,
      "end" : 20,
      "text" : "Bienvenido",
      "whiteSpace" : false
    }, {
      "id" : "s0-t3",
      "begin" : 21,
      "end" : 22,
      "text" : "a",
      "whiteSpace" : false
    }, {
      "id" : "s0-t4",
      "begin" : 23,
      "end" : 29,
      "text" : "Celtel",
      "whiteSpace" : false
    }, {
      "id" : "s0-t5",
      "begin" : 29,
      "end" : 30,
      "text" : ".",
      "whiteSpace" : false
    } ]
  }, {
    "id" : "s1",
    "begin" : 31,
    "end" : 46,
    "text" : "Habla Sanjay. ¿",
    "tokens" : [ {
      "id" : "s1-t0",
      "begin" : 31,
      "end" : 36,
      "text" : "Habla",
      "whiteSpace" : false
    }, {
      "id" : "s1-t1",
      "begin" : 37,
      "end" : 43,
      "text" : "Sanjay",
      "whiteSpace" : false
    }, {
      "id" : "s1-t2",
      "begin" : 43,
      "end" : 44,
      "text" : ".",
      "whiteSpace" : false
    }, {
      "id" : "s1-t3",
      "begin" : 45,
      "end" : 46,
      "text" : "¿",
      "whiteSpace" : false
    } ]
  }, {
    "id" : "s2",
    "begin" : 46,
    "end" : 220,
    "text" : "Cómo puedo ayudarle\nCliente: mi facturación es Incorrecta\nEmpleado: Me podría dar su número de teléfono por favor\nCliente: sí, mi número de teléfono es 8765453213\nEmpleado: ¿",
    "tokens" : [ {
      "id" : "s2-t0",
      "begin" : 46,
      "end" : 50,
      "text" : "Cómo",
      "whiteSpace" : false
    }, {
      "id" : "s2-t1",
      "begin" : 51,
      "end" : 56,
      "text" : "puedo",
      "whiteSpace" : false
    }, {
      "id" : "s2-t2",
      "begin" : 57,
      "end" : 65,
      "text" : "ayudarle",
      "whiteSpace" : false
    }, {
      "id" : "s2-t3",
      "begin" : 66,
      "end" : 73,
      "text" : "Cliente",
      "whiteSpace" : false
    }, {
      "id" : "s2-t4",
      "begin" : 73,
      "end" : 74,
      "text" : ":",
      "whiteSpace" : false
    }, {
      "id" : "s2-t5",
      "begin" : 75,
      "end" : 77,
      "text" : "mi",
      "whiteSpace" : false
    }, {
      "id" : "s2-t6",
      "begin" : 78,
      "end" : 89,
      "text" : "facturación",
      "whiteSpace" : false
    }, {
      "id" : "s2-t7",
      "begin" : 90,
      "end" : 92,
      "text" : "es",
      "whiteSpace" : false
    }, {
      "id" : "s2-t8",
      "begin" : 93,
      "end" : 103,
      "text" : "Incorrecta",
      "whiteSpace" : false
    }, {
      "id" : "s2-t9",
      "begin" : 104,
      "end" : 112,
      "text" : "Empleado",
      "whiteSpace" : false
    }, {
      "id" : "s2-t10",
      "begin" : 112,
      "end" : 113,
      "text" : ":",
      "whiteSpace" : false
    }, {
      "id" : "s2-t11",
      "begin" : 114,
      "end" : 116,
      "text" : "Me",
      "whiteSpace" : false
    }, {
      "id" : "s2-t12",
      "begin" : 117,
      "end" : 123,
      "text" : "podría",
      "whiteSpace" : false
    }, {
      "id" : "s2-t13",
      "begin" : 124,
      "end" : 127,
      "text" : "dar",
      "whiteSpace" : false
    }, {
      "id" : "s2-t14",
      "begin" : 128,
      "end" : 130,
      "text" : "su",
      "whiteSpace" : false
    }, {
      "id" : "s2-t15",
      "begin" : 131,
      "end" : 137,
      "text" : "número",
      "whiteSpace" : false
    }, {
      "id" : "s2-t16",
      "begin" : 138,
      "end" : 140,
      "text" : "de",
      "whiteSpace" : false
    }, {
      "id" : "s2-t17",
      "begin" : 141,
      "end" : 149,
      "text" : "teléfono",
      "whiteSpace" : false
    }, {
      "id" : "s2-t18",
      "begin" : 150,
      "end" : 153,
      "text" : "por",
      "whiteSpace" : false
    }, {
      "id" : "s2-t19",
      "begin" : 154,
      "end" : 159,
      "text" : "favor",
      "whiteSpace" : false
    }, {
      "id" : "s2-t20",
      "begin" : 160,
      "end" : 167,
      "text" : "Cliente",
      "whiteSpace" : false
    }, {
      "id" : "s2-t21",
      "begin" : 167,
      "end" : 168,
      "text" : ":",
      "whiteSpace" : false
    }, {
      "id" : "s2-t22",
      "begin" : 169,
      "end" : 171,
      "text" : "sí",
      "whiteSpace" : false
    }, {
      "id" : "s2-t23",
      "begin" : 171,
      "end" : 172,
      "text" : ",",
      "whiteSpace" : false
    }, {
      "id" : "s2-t24",
      "begin" : 173,
      "end" : 175,
      "text" : "mi",
      "whiteSpace" : false
    }, {
      "id" : "s2-t25",
      "begin" : 176,
      "end" : 182,
      "text" : "número",
      "whiteSpace" : false
    }, {
      "id" : "s2-t26",
      "begin" : 183,
      "end" : 185,
      "text" : "de",
      "whiteSpace" : false
    }, {
      "id" : "s2-t27",
      "begin" : 186,
      "end" : 194,
      "text" : "teléfono",
      "whiteSpace" : false
    }, {
      "id" : "s2-t28",
      "begin" : 195,
      "end" : 197,
      "text" : "es",
      "whiteSpace" : false
    }, {
      "id" : "s2-t29",
      "begin" : 198,
      "end" : 208,
      "text" : "8765453213",
      "whiteSpace" : false
    }, {
      "id" : "s2-t30",
      "begin" : 209,
      "end" : 217,
      "text" : "Empleado",
      "whiteSpace" : false
    }, {
      "id" : "s2-t31",
      "begin" : 217,
      "end" : 218,
      "text" : ":",
      "whiteSpace" : false
    }, {
      "id" : "s2-t32",
      "begin" : 219,
      "end" : 220,
      "text" : "¿",
      "whiteSpace" : false
    } ]
  }, {
    "id" : "s3",
    "begin" : 220,
    "end" : 255,
    "text" : "De quién es este número registrado?",
    "tokens" : [ {
      "id" : "s3-t0",
      "begin" : 220,
      "end" : 222,
      "text" : "De",
      "whiteSpace" : false
    }, {
      "id" : "s3-t1",
      "begin" : 223,
      "end" : 228,
      "text" : "quién",
      "whiteSpace" : false
    }, {
      "id" : "s3-t2",
      "begin" : 229,
      "end" : 231,
      "text" : "es",
      "whiteSpace" : false
    }, {
      "id" : "s3-t3",
      "begin" : 232,
      "end" : 236,
      "text" : "este",
      "whiteSpace" : false
    }, {
      "id" : "s3-t4",
      "begin" : 237,
      "end" : 243,
      "text" : "número",
      "whiteSpace" : false
    }, {
      "id" : "s3-t5",
      "begin" : 244,
      "end" : 254,
      "text" : "registrado",
      "whiteSpace" : false
    }, {
      "id" : "s3-t6",
      "begin" : 254,
      "end" : 255,
      "text" : "?",
      "whiteSpace" : false
    } ]
  }, {
    "id" : "s4",
    "begin" : 256,
    "end" : 477,
    "text" : "Cliente: Amit\nEmpleado: para la verificación me puede confirmar su fecha de nacimiento y correo electrónico ID\nCliente: fecha de nacimiento es el 20 de julio de 1980 y el correo electrónico es amit@whatever.com\nCliente: ¿",
    "tokens" : [ {
      "id" : "s4-t0",
      "begin" : 256,
      "end" : 263,
      "text" : "Cliente",
      "whiteSpace" : false
    }, {
      "id" : "s4-t1",
      "begin" : 263,
      "end" : 264,
      "text" : ":",
      "whiteSpace" : false
    }, {
      "id" : "s4-t2",
      "begin" : 265,
      "end" : 269,
      "text" : "Amit",
      "whiteSpace" : false
    }, {
      "id" : "s4-t3",
      "begin" : 270,
      "end" : 278,
      "text" : "Empleado",
      "whiteSpace" : false
    }, {
      "id" : "s4-t4",
      "begin" : 278,
      "end" : 279,
      "text" : ":",
      "whiteSpace" : false
    }, {
      "id" : "s4-t5",
      "begin" : 280,
      "end" : 284,
      "text" : "para",
      "whiteSpace" : false
    }, {
      "id" : "s4-t6",
      "begin" : 285,
      "end" : 287,
      "text" : "la",
      "whiteSpace" : false
    }, {
      "id" : "s4-t7",
      "begin" : 288,
      "end" : 300,
      "text" : "verificación",
      "whiteSpace" : false
    }, {
      "id" : "s4-t8",
      "begin" : 301,
      "end" : 303,
      "text" : "me",
      "whiteSpace" : false
    }, {
      "id" : "s4-t9",
      "begin" : 304,
      "end" : 309,
      "text" : "puede",
      "whiteSpace" : false
    }, {
      "id" : "s4-t10",
      "begin" : 310,
      "end" : 319,
      "text" : "confirmar",
      "whiteSpace" : false
    }, {
      "id" : "s4-t11",
      "begin" : 320,
      "end" : 322,
      "text" : "su",
      "whiteSpace" : false
    }, {
      "id" : "s4-t12",
      "begin" : 323,
      "end" : 328,
      "text" : "fecha",
      "whiteSpace" : false
    }, {
      "id" : "s4-t13",
      "begin" : 329,
      "end" : 331,
      "text" : "de",
      "whiteSpace" : false
    }, {
      "id" : "s4-t14",
      "begin" : 332,
      "end" : 342,
      "text" : "nacimiento",
      "whiteSpace" : false
    }, {
      "id" : "s4-t15",
      "begin" : 343,
      "end" : 344,
      "text" : "y",
      "whiteSpace" : false
    }, {
      "id" : "s4-t16",
      "begin" : 345,
      "end" : 351,
      "text" : "correo",
      "whiteSpace" : false
    }, {
      "id" : "s4-t17",
      "begin" : 352,
      "end" : 363,
      "text" : "electrónico",
      "whiteSpace" : false
    }, {
      "id" : "s4-t18",
      "begin" : 364,
      "end" : 366,
      "text" : "ID",
      "whiteSpace" : false
    }, {
      "id" : "s4-t19",
      "begin" : 367,
      "end" : 374,
      "text" : "Cliente",
      "whiteSpace" : false
    }, {
      "id" : "s4-t20",
      "begin" : 374,
      "end" : 375,
      "text" : ":",
      "whiteSpace" : false
    }, {
      "id" : "s4-t21",
      "begin" : 376,
      "end" : 381,
      "text" : "fecha",
      "whiteSpace" : false
    }, {
      "id" : "s4-t22",
      "begin" : 382,
      "end" : 384,
      "text" : "de",
      "whiteSpace" : false
    }, {
      "id" : "s4-t23",
      "begin" : 385,
      "end" : 395,
      "text" : "nacimiento",
      "whiteSpace" : false
    }, {
      "id" : "s4-t24",
      "begin" : 396,
      "end" : 398,
      "text" : "es",
      "whiteSpace" : false
    }, {
      "id" : "s4-t25",
      "begin" : 399,
      "end" : 401,
      "text" : "el",
      "whiteSpace" : false
    }, {
      "id" : "s4-t26",
      "begin" : 402,
      "end" : 404,
      "text" : "20",
      "whiteSpace" : false
    }, {
      "id" : "s4-t27",
      "begin" : 405,
      "end" : 407,
      "text" : "de",
      "whiteSpace" : false
    }, {
      "id" : "s4-t28",
      "begin" : 408,
      "end" : 413,
      "text" : "julio",
      "whiteSpace" : false
    }, {
      "id" : "s4-t29",
      "begin" : 414,
      "end" : 416,
      "text" : "de",
      "whiteSpace" : false
    }, {
      "id" : "s4-t30",
      "begin" : 417,
      "end" : 421,
      "text" : "1980",
      "whiteSpace" : false
    }, {
      "id" : "s4-t31",
      "begin" : 422,
      "end" : 423,
      "text" : "y",
      "whiteSpace" : false
    }, {
      "id" : "s4-t32",
      "begin" : 424,
      "end" : 426,
      "text" : "el",
      "whiteSpace" : false
    }, {
      "id" : "s4-t33",
      "begin" : 427,
      "end" : 433,
      "text" : "correo",
      "whiteSpace" : false
    }, {
      "id" : "s4-t34",
      "begin" : 434,
      "end" : 445,
      "text" : "electrónico",
      "whiteSpace" : false
    }, {
      "id" : "s4-t35",
      "begin" : 446,
      "end" : 448,
      "text" : "es",
      "whiteSpace" : false
    }, {
      "id" : "s4-t36",
      "begin" : 449,
      "end" : 466,
      "text" : "amit@whatever.com",
      "whiteSpace" : false
    }, {
      "id" : "s4-t37",
      "begin" : 467,
      "end" : 474,
      "text" : "Cliente",
      "whiteSpace" : false
    }, {
      "id" : "s4-t38",
      "begin" : 474,
      "end" : 475,
      "text" : ":",
      "whiteSpace" : false
    }, {
      "id" : "s4-t39",
      "begin" : 476,
      "end" : 477,
      "text" : "¿",
      "whiteSpace" : false
    } ]
  }, {
    "id" : "s5",
    "begin" : 477,
    "end" : 720,
    "text" : "Cuál es el problema en la facturación señor\nCliente: se me cobra por el paquete de datos, mientras que había solicitado la cancelación de la suscripción del paquete de datos un hace un mes\nEmpleado: Le ofrezco disculpas Señor voy a comprobar ¿",
    "tokens" : [ {
      "id" : "s5-t0",
      "begin" : 477,
      "end" : 481,
      "text" : "Cuál",
      "whiteSpace" : false
    }, {
      "id" : "s5-t1",
      "begin" : 482,
      "end" : 484,
      "text" : "es",
      "whiteSpace" : false
    }, {
      "id" : "s5-t2",
      "begin" : 485,
      "end" : 487,
      "text" : "el",
      "whiteSpace" : false
    }, {
      "id" : "s5-t3",
      "begin" : 488,
      "end" : 496,
      "text" : "problema",
      "whiteSpace" : false
    }, {
      "id" : "s5-t4",
      "begin" : 497,
      "end" : 499,
      "text" : "en",
      "whiteSpace" : false
    }, {
      "id" : "s5-t5",
      "begin" : 500,
      "end" : 502,
      "text" : "la",
      "whiteSpace" : false
    }, {
      "id" : "s5-t6",
      "begin" : 503,
      "end" : 514,
      "text" : "facturación",
      "whiteSpace" : false
    }, {
      "id" : "s5-t7",
      "begin" : 515,
      "end" : 520,
      "text" : "señor",
      "whiteSpace" : false
    }, {
      "id" : "s5-t8",
      "begin" : 521,
      "end" : 528,
      "text" : "Cliente",
      "whiteSpace" : false
    }, {
      "id" : "s5-t9",
      "begin" : 528,
      "end" : 529,
      "text" : ":",
      "whiteSpace" : false
    }, {
      "id" : "s5-t10",
      "begin" : 530,
      "end" : 532,
      "text" : "se",
      "whiteSpace" : false
    }, {
      "id" : "s5-t11",
      "begin" : 533,
      "end" : 535,
      "text" : "me",
      "whiteSpace" : false
    }, {
      "id" : "s5-t12",
      "begin" : 536,
      "end" : 541,
      "text" : "cobra",
      "whiteSpace" : false
    }, {
      "id" : "s5-t13",
      "begin" : 542,
      "end" : 545,
      "text" : "por",
      "whiteSpace" : false
    }, {
      "id" : "s5-t14",
      "begin" : 546,
      "end" : 548,
      "text" : "el",
      "whiteSpace" : false
    }, {
      "id" : "s5-t15",
      "begin" : 549,
      "end" : 556,
      "text" : "paquete",
      "whiteSpace" : false
    }, {
      "id" : "s5-t16",
      "begin" : 557,
      "end" : 559,
      "text" : "de",
      "whiteSpace" : false
    }, {
      "id" : "s5-t17",
      "begin" : 560,
      "end" : 565,
      "text" : "datos",
      "whiteSpace" : false
    }, {
      "id" : "s5-t18",
      "begin" : 565,
      "end" : 566,
      "text" : ",",
      "whiteSpace" : false
    }, {
      "id" : "s5-t19",
      "begin" : 567,
      "end" : 575,
      "text" : "mientras",
      "whiteSpace" : false
    }, {
      "id" : "s5-t20",
      "begin" : 576,
      "end" : 579,
      "text" : "que",
      "whiteSpace" : false
    }, {
      "id" : "s5-t21",
      "begin" : 580,
      "end" : 585,
      "text" : "había",
      "whiteSpace" : false
    }, {
      "id" : "s5-t22",
      "begin" : 586,
      "end" : 596,
      "text" : "solicitado",
      "whiteSpace" : false
    }, {
      "id" : "s5-t23",
      "begin" : 597,
      "end" : 599,
      "text" : "la",
      "whiteSpace" : false
    }, {
      "id" : "s5-t24",
      "begin" : 600,
      "end" : 611,
      "text" : "cancelación",
      "whiteSpace" : false
    }, {
      "id" : "s5-t25",
      "begin" : 612,
      "end" : 614,
      "text" : "de",
      "whiteSpace" : false
    }, {
      "id" : "s5-t26",
      "begin" : 615,
      "end" : 617,
      "text" : "la",
      "whiteSpace" : false
    }, {
      "id" : "s5-t27",
      "begin" : 618,
      "end" : 629,
      "text" : "suscripción",
      "whiteSpace" : false
    }, {
      "id" : "s5-t28",
      "begin" : 630,
      "end" : 633,
      "text" : "del",
      "whiteSpace" : false
    }, {
      "id" : "s5-t29",
      "begin" : 634,
      "end" : 641,
      "text" : "paquete",
      "whiteSpace" : false
    }, {
      "id" : "s5-t30",
      "begin" : 642,
      "end" : 644,
      "text" : "de",
      "whiteSpace" : false
    }, {
      "id" : "s5-t31",
      "begin" : 645,
      "end" : 650,
      "text" : "datos",
      "whiteSpace" : false
    }, {
      "id" : "s5-t32",
      "begin" : 651,
      "end" : 653,
      "text" : "un",
      "whiteSpace" : false
    }, {
      "id" : "s5-t33",
      "begin" : 654,
      "end" : 658,
      "text" : "hace",
      "whiteSpace" : false
    }, {
      "id" : "s5-t34",
      "begin" : 659,
      "end" : 661,
      "text" : "un",
      "whiteSpace" : false
    }, {
      "id" : "s5-t35",
      "begin" : 662,
      "end" : 665,
      "text" : "mes",
      "whiteSpace" : false
    }, {
      "id" : "s5-t36",
      "begin" : 666,
      "end" : 674,
      "text" : "Empleado",
      "whiteSpace" : false
    }, {
      "id" : "s5-t37",
      "begin" : 674,
      "end" : 675,
      "text" : ":",
      "whiteSpace" : false
    }, {
      "id" : "s5-t38",
      "begin" : 676,
      "end" : 678,
      "text" : "Le",
      "whiteSpace" : false
    }, {
      "id" : "s5-t39",
      "begin" : 679,
      "end" : 686,
      "text" : "ofrezco",
      "whiteSpace" : false
    }, {
      "id" : "s5-t40",
      "begin" : 687,
      "end" : 696,
      "text" : "disculpas",
      "whiteSpace" : false
    }, {
      "id" : "s5-t41",
      "begin" : 697,
      "end" : 702,
      "text" : "Señor",
      "whiteSpace" : false
    }, {
      "id" : "s5-t42",
      "begin" : 703,
      "end" : 706,
      "text" : "voy",
      "whiteSpace" : false
    }, {
      "id" : "s5-t43",
      "begin" : 707,
      "end" : 708,
      "text" : "a",
      "whiteSpace" : false
    }, {
      "id" : "s5-t44",
      "begin" : 709,
      "end" : 718,
      "text" : "comprobar",
      "whiteSpace" : false
    }, {
      "id" : "s5-t45",
      "begin" : 719,
      "end" : 720,
      "text" : "¿",
      "whiteSpace" : false
    } ]
  }, {
    "id" : "s6",
    "begin" : 720,
    "end" : 774,
    "text" : "puedo dejar su llamada en espera un minuto, por favor?",
    "tokens" : [ {
      "id" : "s6-t0",
      "begin" : 720,
      "end" : 725,
      "text" : "puedo",
      "whiteSpace" : false
    }, {
      "id" : "s6-t1",
      "begin" : 726,
      "end" : 731,
      "text" : "dejar",
      "whiteSpace" : false
    }, {
      "id" : "s6-t2",
      "begin" : 732,
      "end" : 734,
      "text" : "su",
      "whiteSpace" : false
    }, {
      "id" : "s6-t3",
      "begin" : 735,
      "end" : 742,
      "text" : "llamada",
      "whiteSpace" : false
    }, {
      "id" : "s6-t4",
      "begin" : 743,
      "end" : 745,
      "text" : "en",
      "whiteSpace" : false
    }, {
      "id" : "s6-t5",
      "begin" : 746,
      "end" : 752,
      "text" : "espera",
      "whiteSpace" : false
    }, {
      "id" : "s6-t6",
      "begin" : 753,
      "end" : 755,
      "text" : "un",
      "whiteSpace" : false
    }, {
      "id" : "s6-t7",
      "begin" : 756,
      "end" : 762,
      "text" : "minuto",
      "whiteSpace" : false
    }, {
      "id" : "s6-t8",
      "begin" : 762,
      "end" : 763,
      "text" : ",",
      "whiteSpace" : false
    }, {
      "id" : "s6-t9",
      "begin" : 764,
      "end" : 767,
      "text" : "por",
      "whiteSpace" : false
    }, {
      "id" : "s6-t10",
      "begin" : 768,
      "end" : 773,
      "text" : "favor",
      "whiteSpace" : false
    }, {
      "id" : "s6-t11",
      "begin" : 773,
      "end" : 774,
      "text" : "?",
      "whiteSpace" : false
    } ]
  }, {
    "id" : "s7",
    "begin" : 775,
    "end" : 849,
    "text" : "Cliente: Claro\nEmpleado: gracias\nEmpleado: sí, parece que hay un problema.",
    "tokens" : [ {
      "id" : "s7-t0",
      "begin" : 775,
      "end" : 782,
      "text" : "Cliente",
      "whiteSpace" : false
    }, {
      "id" : "s7-t1",
      "begin" : 782,
      "end" : 783,
      "text" : ":",
      "whiteSpace" : false
    }, {
      "id" : "s7-t2",
      "begin" : 784,
      "end" : 789,
      "text" : "Claro",
      "whiteSpace" : false
    }, {
      "id" : "s7-t3",
      "begin" : 790,
      "end" : 798,
      "text" : "Empleado",
      "whiteSpace" : false
    }, {
      "id" : "s7-t4",
      "begin" : 798,
      "end" : 799,
      "text" : ":",
      "whiteSpace" : false
    }, {
      "id" : "s7-t5",
      "begin" : 800,
      "end" : 807,
      "text" : "gracias",
      "whiteSpace" : false
    }, {
      "id" : "s7-t6",
      "begin" : 808,
      "end" : 816,
      "text" : "Empleado",
      "whiteSpace" : false
    }, {
      "id" : "s7-t7",
      "begin" : 816,
      "end" : 817,
      "text" : ":",
      "whiteSpace" : false
    }, {
      "id" : "s7-t8",
      "begin" : 818,
      "end" : 820,
      "text" : "sí",
      "whiteSpace" : false
    }, {
      "id" : "s7-t9",
      "begin" : 820,
      "end" : 821,
      "text" : ",",
      "whiteSpace" : false
    }, {
      "id" : "s7-t10",
      "begin" : 822,
      "end" : 828,
      "text" : "parece",
      "whiteSpace" : false
    }, {
      "id" : "s7-t11",
      "begin" : 829,
      "end" : 832,
      "text" : "que",
      "whiteSpace" : false
    }, {
      "id" : "s7-t12",
      "begin" : 833,
      "end" : 836,
      "text" : "hay",
      "whiteSpace" : false
    }, {
      "id" : "s7-t13",
      "begin" : 837,
      "end" : 839,
      "text" : "un",
      "whiteSpace" : false
    }, {
      "id" : "s7-t14",
      "begin" : 840,
      "end" : 848,
      "text" : "problema",
      "whiteSpace" : false
    }, {
      "id" : "s7-t15",
      "begin" : 848,
      "end" : 849,
      "text" : ".",
      "whiteSpace" : false
    } ]
  }, {
    "id" : "s8",
    "begin" : 850,
    "end" : 909,
    "text" : "Iniciaré la reversión de los datos de los cargos\nCliente: ¿",
    "tokens" : [ {
      "id" : "s8-t0",
      "begin" : 850,
      "end" : 858,
      "text" : "Iniciaré",
      "whiteSpace" : false
    }, {
      "id" : "s8-t1",
      "begin" : 859,
      "end" : 861,
      "text" : "la",
      "whiteSpace" : false
    }, {
      "id" : "s8-t2",
      "begin" : 862,
      "end" : 871,
      "text" : "reversión",
      "whiteSpace" : false
    }, {
      "id" : "s8-t3",
      "begin" : 872,
      "end" : 874,
      "text" : "de",
      "whiteSpace" : false
    }, {
      "id" : "s8-t4",
      "begin" : 875,
      "end" : 878,
      "text" : "los",
      "whiteSpace" : false
    }, {
      "id" : "s8-t5",
      "begin" : 879,
      "end" : 884,
      "text" : "datos",
      "whiteSpace" : false
    }, {
      "id" : "s8-t6",
      "begin" : 885,
      "end" : 887,
      "text" : "de",
      "whiteSpace" : false
    }, {
      "id" : "s8-t7",
      "begin" : 888,
      "end" : 891,
      "text" : "los",
      "whiteSpace" : false
    }, {
      "id" : "s8-t8",
      "begin" : 892,
      "end" : 898,
      "text" : "cargos",
      "whiteSpace" : false
    }, {
      "id" : "s8-t9",
      "begin" : 899,
      "end" : 906,
      "text" : "Cliente",
      "whiteSpace" : false
    }, {
      "id" : "s8-t10",
      "begin" : 906,
      "end" : 907,
      "text" : ":",
      "whiteSpace" : false
    }, {
      "id" : "s8-t11",
      "begin" : 908,
      "end" : 909,
      "text" : "¿",
      "whiteSpace" : false
    } ]
  }, {
    "id" : "s9",
    "begin" : 909,
    "end" : 980,
    "text" : "puedo obtener una copia impresa de la factura a mi dirección por favor?",
    "tokens" : [ {
      "id" : "s9-t0",
      "begin" : 909,
      "end" : 914,
      "text" : "puedo",
      "whiteSpace" : false
    }, {
      "id" : "s9-t1",
      "begin" : 915,
      "end" : 922,
      "text" : "obtener",
      "whiteSpace" : false
    }, {
      "id" : "s9-t2",
      "begin" : 923,
      "end" : 926,
      "text" : "una",
      "whiteSpace" : false
    }, {
      "id" : "s9-t3",
      "begin" : 927,
      "end" : 932,
      "text" : "copia",
      "whiteSpace" : false
    }, {
      "id" : "s9-t4",
      "begin" : 933,
      "end" : 940,
      "text" : "impresa",
      "whiteSpace" : false
    }, {
      "id" : "s9-t5",
      "begin" : 941,
      "end" : 943,
      "text" : "de",
      "whiteSpace" : false
    }, {
      "id" : "s9-t6",
      "begin" : 944,
      "end" : 946,
      "text" : "la",
      "whiteSpace" : false
    }, {
      "id" : "s9-t7",
      "begin" : 947,
      "end" : 954,
      "text" : "factura",
      "whiteSpace" : false
    }, {
      "id" : "s9-t8",
      "begin" : 955,
      "end" : 956,
      "text" : "a",
      "whiteSpace" : false
    }, {
      "id" : "s9-t9",
      "begin" : 957,
      "end" : 959,
      "text" : "mi",
      "whiteSpace" : false
    }, {
      "id" : "s9-t10",
      "begin" : 960,
      "end" : 969,
      "text" : "dirección",
      "whiteSpace" : false
    }, {
      "id" : "s9-t11",
      "begin" : 970,
      "end" : 973,
      "text" : "por",
      "whiteSpace" : false
    }, {
      "id" : "s9-t12",
      "begin" : 974,
      "end" : 979,
      "text" : "favor",
      "whiteSpace" : false
    }, {
      "id" : "s9-t13",
      "begin" : 979,
      "end" : 980,
      "text" : "?",
      "whiteSpace" : false
    } ]
  }, {
    "id" : "s10",
    "begin" : 981,
    "end" : 1214,
    "text" : "Empleado: por favor, confirme su dirección\nCliente: mi dirección es: casa no 13, bloque 2, diseño de Nandini, Bengaluru-560016 Empleado: he tomado su solicitud de factura de papel que lo obtendrá en una semana\nCliente: ok\nEmpleado: ¿",
    "tokens" : [ {
      "id" : "s10-t0",
      "begin" : 981,
      "end" : 989,
      "text" : "Empleado",
      "whiteSpace" : false
    }, {
      "id" : "s10-t1",
      "begin" : 989,
      "end" : 990,
      "text" : ":",
      "whiteSpace" : false
    }, {
      "id" : "s10-t2",
      "begin" : 991,
      "end" : 994,
      "text" : "por",
      "whiteSpace" : false
    }, {
      "id" : "s10-t3",
      "begin" : 995,
      "end" : 1000,
      "text" : "favor",
      "whiteSpace" : false
    }, {
      "id" : "s10-t4",
      "begin" : 1000,
      "end" : 1001,
      "text" : ",",
      "whiteSpace" : false
    }, {
      "id" : "s10-t5",
      "begin" : 1002,
      "end" : 1010,
      "text" : "confirme",
      "whiteSpace" : false
    }, {
      "id" : "s10-t6",
      "begin" : 1011,
      "end" : 1013,
      "text" : "su",
      "whiteSpace" : false
    }, {
      "id" : "s10-t7",
      "begin" : 1014,
      "end" : 1023,
      "text" : "dirección",
      "whiteSpace" : false
    }, {
      "id" : "s10-t8",
      "begin" : 1024,
      "end" : 1031,
      "text" : "Cliente",
      "whiteSpace" : false
    }, {
      "id" : "s10-t9",
      "begin" : 1031,
      "end" : 1032,
      "text" : ":",
      "whiteSpace" : false
    }, {
      "id" : "s10-t10",
      "begin" : 1033,
      "end" : 1035,
      "text" : "mi",
      "whiteSpace" : false
    }, {
      "id" : "s10-t11",
      "begin" : 1036,
      "end" : 1045,
      "text" : "dirección",
      "whiteSpace" : false
    }, {
      "id" : "s10-t12",
      "begin" : 1046,
      "end" : 1048,
      "text" : "es",
      "whiteSpace" : false
    }, {
      "id" : "s10-t13",
      "begin" : 1048,
      "end" : 1049,
      "text" : ":",
      "whiteSpace" : false
    }, {
      "id" : "s10-t14",
      "begin" : 1050,
      "end" : 1054,
      "text" : "casa",
      "whiteSpace" : false
    }, {
      "id" : "s10-t15",
      "begin" : 1055,
      "end" : 1057,
      "text" : "no",
      "whiteSpace" : false
    }, {
      "id" : "s10-t16",
      "begin" : 1058,
      "end" : 1060,
      "text" : "13",
      "whiteSpace" : false
    }, {
      "id" : "s10-t17",
      "begin" : 1060,
      "end" : 1061,
      "text" : ",",
      "whiteSpace" : false
    }, {
      "id" : "s10-t18",
      "begin" : 1062,
      "end" : 1068,
      "text" : "bloque",
      "whiteSpace" : false
    }, {
      "id" : "s10-t19",
      "begin" : 1069,
      "end" : 1070,
      "text" : "2",
      "whiteSpace" : false
    }, {
      "id" : "s10-t20",
      "begin" : 1070,
      "end" : 1071,
      "text" : ",",
      "whiteSpace" : false
    }, {
      "id" : "s10-t21",
      "begin" : 1072,
      "end" : 1078,
      "text" : "diseño",
      "whiteSpace" : false
    }, {
      "id" : "s10-t22",
      "begin" : 1079,
      "end" : 1081,
      "text" : "de",
      "whiteSpace" : false
    }, {
      "id" : "s10-t23",
      "begin" : 1082,
      "end" : 1089,
      "text" : "Nandini",
      "whiteSpace" : false
    }, {
      "id" : "s10-t24",
      "begin" : 1089,
      "end" : 1090,
      "text" : ",",
      "whiteSpace" : false
    }, {
      "id" : "s10-t25",
      "begin" : 1091,
      "end" : 1107,
      "text" : "Bengaluru-560016",
      "whiteSpace" : false
    }, {
      "id" : "s10-t26",
      "begin" : 1108,
      "end" : 1116,
      "text" : "Empleado",
      "whiteSpace" : false
    }, {
      "id" : "s10-t27",
      "begin" : 1116,
      "end" : 1117,
      "text" : ":",
      "whiteSpace" : false
    }, {
      "id" : "s10-t28",
      "begin" : 1118,
      "end" : 1120,
      "text" : "he",
      "whiteSpace" : false
    }, {
      "id" : "s10-t29",
      "begin" : 1121,
      "end" : 1127,
      "text" : "tomado",
      "whiteSpace" : false
    }, {
      "id" : "s10-t30",
      "begin" : 1128,
      "end" : 1130,
      "text" : "su",
      "whiteSpace" : false
    }, {
      "id" : "s10-t31",
      "begin" : 1131,
      "end" : 1140,
      "text" : "solicitud",
      "whiteSpace" : false
    }, {
      "id" : "s10-t32",
      "begin" : 1141,
      "end" : 1143,
      "text" : "de",
      "whiteSpace" : false
    }, {
      "id" : "s10-t33",
      "begin" : 1144,
      "end" : 1151,
      "text" : "factura",
      "whiteSpace" : false
    }, {
      "id" : "s10-t34",
      "begin" : 1152,
      "end" : 1154,
      "text" : "de",
      "whiteSpace" : false
    }, {
      "id" : "s10-t35",
      "begin" : 1155,
      "end" : 1160,
      "text" : "papel",
      "whiteSpace" : false
    }, {
      "id" : "s10-t36",
      "begin" : 1161,
      "end" : 1164,
      "text" : "que",
      "whiteSpace" : false
    }, {
      "id" : "s10-t37",
      "begin" : 1165,
      "end" : 1167,
      "text" : "lo",
      "whiteSpace" : false
    }, {
      "id" : "s10-t38",
      "begin" : 1168,
      "end" : 1176,
      "text" : "obtendrá",
      "whiteSpace" : false
    }, {
      "id" : "s10-t39",
      "begin" : 1177,
      "end" : 1179,
      "text" : "en",
      "whiteSpace" : false
    }, {
      "id" : "s10-t40",
      "begin" : 1180,
      "end" : 1183,
      "text" : "una",
      "whiteSpace" : false
    }, {
      "id" : "s10-t41",
      "begin" : 1184,
      "end" : 1190,
      "text" : "semana",
      "whiteSpace" : false
    }, {
      "id" : "s10-t42",
      "begin" : 1191,
      "end" : 1198,
      "text" : "Cliente",
      "whiteSpace" : false
    }, {
      "id" : "s10-t43",
      "begin" : 1198,
      "end" : 1199,
      "text" : ":",
      "whiteSpace" : false
    }, {
      "id" : "s10-t44",
      "begin" : 1200,
      "end" : 1202,
      "text" : "ok",
      "whiteSpace" : false
    }, {
      "id" : "s10-t45",
      "begin" : 1203,
      "end" : 1211,
      "text" : "Empleado",
      "whiteSpace" : false
    }, {
      "id" : "s10-t46",
      "begin" : 1211,
      "end" : 1212,
      "text" : ":",
      "whiteSpace" : false
    }, {
      "id" : "s10-t47",
      "begin" : 1213,
      "end" : 1214,
      "text" : "¿",
      "whiteSpace" : false
    } ]
  }, {
    "id" : "s11",
    "begin" : 1214,
    "end" : 1252,
    "text" : "hay algo más en lo que pueda ayudarle?",
    "tokens" : [ {
      "id" : "s11-t0",
      "begin" : 1214,
      "end" : 1217,
      "text" : "hay",
      "whiteSpace" : false
    }, {
      "id" : "s11-t1",
      "begin" : 1218,
      "end" : 1222,
      "text" : "algo",
      "whiteSpace" : false
    }, {
      "id" : "s11-t2",
      "begin" : 1223,
      "end" : 1226,
      "text" : "más",
      "whiteSpace" : false
    }, {
      "id" : "s11-t3",
      "begin" : 1227,
      "end" : 1229,
      "text" : "en",
      "whiteSpace" : false
    }, {
      "id" : "s11-t4",
      "begin" : 1230,
      "end" : 1232,
      "text" : "lo",
      "whiteSpace" : false
    }, {
      "id" : "s11-t5",
      "begin" : 1233,
      "end" : 1236,
      "text" : "que",
      "whiteSpace" : false
    }, {
      "id" : "s11-t6",
      "begin" : 1237,
      "end" : 1242,
      "text" : "pueda",
      "whiteSpace" : false
    }, {
      "id" : "s11-t7",
      "begin" : 1243,
      "end" : 1251,
      "text" : "ayudarle",
      "whiteSpace" : false
    }, {
      "id" : "s11-t8",
      "begin" : 1251,
      "end" : 1252,
      "text" : "?",
      "whiteSpace" : false
    } ]
  }, {
    "id" : "s12",
    "begin" : 1253,
    "end" : 1283,
    "text" : "Cliente: no\nEmpleado: gracias.",
    "tokens" : [ {
      "id" : "s12-t0",
      "begin" : 1253,
      "end" : 1260,
      "text" : "Cliente",
      "whiteSpace" : false
    }, {
      "id" : "s12-t1",
      "begin" : 1260,
      "end" : 1261,
      "text" : ":",
      "whiteSpace" : false
    }, {
      "id" : "s12-t2",
      "begin" : 1262,
      "end" : 1264,
      "text" : "no",
      "whiteSpace" : false
    }, {
      "id" : "s12-t3",
      "begin" : 1265,
      "end" : 1273,
      "text" : "Empleado",
      "whiteSpace" : false
    }, {
      "id" : "s12-t4",
      "begin" : 1273,
      "end" : 1274,
      "text" : ":",
      "whiteSpace" : false
    }, {
      "id" : "s12-t5",
      "begin" : 1275,
      "end" : 1282,
      "text" : "gracias",
      "whiteSpace" : false
    }, {
      "id" : "s12-t6",
      "begin" : 1282,
      "end" : 1283,
      "text" : ".",
      "whiteSpace" : false
    } ]
  }, {
    "id" : "s13",
    "begin" : 1284,
    "end" : 1305,
    "text" : "Ten un buen día.. Bye",
    "tokens" : [ {
      "id" : "s13-t0",
      "begin" : 1284,
      "end" : 1287,
      "text" : "Ten",
      "whiteSpace" : false
    }, {
      "id" : "s13-t1",
      "begin" : 1288,
      "end" : 1290,
      "text" : "un",
      "whiteSpace" : false
    }, {
      "id" : "s13-t2",
      "begin" : 1291,
      "end" : 1295,
      "text" : "buen",
      "whiteSpace" : false
    }, {
      "id" : "s13-t3",
      "begin" : 1296,
      "end" : 1299,
      "text" : "día",
      "whiteSpace" : false
    }, {
      "id" : "s13-t4",
      "begin" : 1299,
      "end" : 1301,
      "text" : "..",
      "whiteSpace" : false
    }, {
      "id" : "s13-t5",
      "begin" : 1302,
      "end" : 1305,
      "text" : "Bye",
      "whiteSpace" : false
    } ]
  } ],
  "mentions" : [ {
    "id" : "s2-m1",
    "properties" : {
      "SIRE_MENTION_ROLE" : "No_telefono",
      "SIRE_ENTITY_SUBTYPE" : "NONE",
      "SIRE_MENTION_TYPE" : "NONE",
      "SIRE_MENTION_CLASS" : "SPC"
    },
    "type" : "No_telefono",
    "begin" : 198,
    "end" : 208,
    "inCoref" : false
  }, {
    "id" : "s4-m3",
    "properties" : {
      "SIRE_MENTION_ROLE" : "Nombre",
      "SIRE_ENTITY_SUBTYPE" : "NONE",
      "SIRE_MENTION_TYPE" : "NONE",
      "SIRE_MENTION_CLASS" : "SPC"
    },
    "type" : "Nombre",
    "begin" : 265,
    "end" : 269,
    "inCoref" : false
  }, {
    "id" : "s4-m1",
    "properties" : {
      "SIRE_MENTION_ROLE" : "Dia_de_nacimiento",
      "SIRE_ENTITY_SUBTYPE" : "NONE",
      "SIRE_MENTION_TYPE" : "NONE",
      "SIRE_MENTION_CLASS" : "SPC"
    },
    "type" : "Dia_de_nacimiento",
    "begin" : 402,
    "end" : 421,
    "inCoref" : false
  }, {
    "id" : "s4-m2",
    "properties" : {
      "SIRE_MENTION_ROLE" : "Mail",
      "SIRE_ENTITY_SUBTYPE" : "NONE",
      "SIRE_MENTION_TYPE" : "NONE",
      "SIRE_MENTION_CLASS" : "SPC"
    },
    "type" : "Mail",
    "begin" : 449,
    "end" : 466,
    "inCoref" : false
  }, {
    "id" : "s10-m1",
    "properties" : {
      "SIRE_MENTION_ROLE" : "Direccion",
      "SIRE_ENTITY_SUBTYPE" : "NONE",
      "SIRE_MENTION_TYPE" : "NONE",
      "SIRE_MENTION_CLASS" : "SPC"
    },
    "type" : "Direccion",
    "begin" : 1050,
    "end" : 1107,
    "inCoref" : false
  } ],
  "relations" : [ ],
  "corefs" : [ ],
  "typeResolved" : true,
  "userResolved" : false
}