{
  "id" : "8bb2d0c0-8623-11e9-a472-f96576696f20-3",
  "name" : "chat4.txt",
  "createdDate" : 0,
  "version" : 3,
  "text" : "Empleado: Hola mi nombre es Daniela, Como puedo ayudarle\r\nCliente: Soy Carlos. Quiero reportar un problema en la red de mi casa\r\nEmpleado: Por seguridad necesitamos verificar algunos datos, esta bien\r\nCliente: No hay problema\r\nEmpleado: Cual es su fecha de nacimiento y su email\r\nCliente: 09/08/1990 y mi mail es carlos@gmail.com\r\nEmpleado: Gracias por la informacion. Puede explicarme cual es el problema\r\nCliente: La red movil es inestable, pierdo llamadas y el audio es pesimo\r\nEmpleado: Puede confirmarme su direccion\r\nCliente: av. vasco de quiroga 1999\r\nEmpleado: Gracias por la confirmacion, señor. Enviaremos un tecnico a revisar su problema de señal. Hay algo mas en que pueda ayudarle?\r\nCliente: No\r\nEmpleado: Gracias por llamar a Celtel. Que tenga un buen dia\r\nCliente: Usted tambien",
  "docLength" : 0,
  "language" : "ES",
  "status" : "SUBMITTED",
  "modifiedDate" : 1559583065262,
  "documentSet" : [ ],
  "preannotation" : [ ],
  "sentences" : [ {
    "id" : "s0",
    "begin" : 0,
    "end" : 78,
    "text" : "Empleado: Hola mi nombre es Daniela, Como puedo ayudarle\r\nCliente: Soy Carlos.",
    "tokens" : [ {
      "id" : "s0-t0",
      "begin" : 0,
      "end" : 8,
      "text" : "Empleado",
      "whiteSpace" : false
    }, {
      "id" : "s0-t1",
      "begin" : 8,
      "end" : 9,
      "text" : ":",
      "whiteSpace" : false
    }, {
      "id" : "s0-t2",
      "begin" : 10,
      "end" : 14,
      "text" : "Hola",
      "whiteSpace" : false
    }, {
      "id" : "s0-t3",
      "begin" : 15,
      "end" : 17,
      "text" : "mi",
      "whiteSpace" : false
    }, {
      "id" : "s0-t4",
      "begin" : 18,
      "end" : 24,
      "text" : "nombre",
      "whiteSpace" : false
    }, {
      "id" : "s0-t5",
      "begin" : 25,
      "end" : 27,
      "text" : "es",
      "whiteSpace" : false
    }, {
      "id" : "s0-t6",
      "begin" : 28,
      "end" : 35,
      "text" : "Daniela",
      "whiteSpace" : false
    }, {
      "id" : "s0-t7",
      "begin" : 35,
      "end" : 36,
      "text" : ",",
      "whiteSpace" : false
    }, {
      "id" : "s0-t8",
      "begin" : 37,
      "end" : 41,
      "text" : "Como",
      "whiteSpace" : false
    }, {
      "id" : "s0-t9",
      "begin" : 42,
      "end" : 47,
      "text" : "puedo",
      "whiteSpace" : false
    }, {
      "id" : "s0-t10",
      "begin" : 48,
      "end" : 56,
      "text" : "ayudarle",
      "whiteSpace" : false
    }, {
      "id" : "s0-t11",
      "begin" : 58,
      "end" : 65,
      "text" : "Cliente",
      "whiteSpace" : false
    }, {
      "id" : "s0-t12",
      "begin" : 65,
      "end" : 66,
      "text" : ":",
      "whiteSpace" : false
    }, {
      "id" : "s0-t13",
      "begin" : 67,
      "end" : 70,
      "text" : "Soy",
      "whiteSpace" : false
    }, {
      "id" : "s0-t14",
      "begin" : 71,
      "end" : 77,
      "text" : "Carlos",
      "whiteSpace" : false
    }, {
      "id" : "s0-t15",
      "begin" : 77,
      "end" : 78,
      "text" : ".",
      "whiteSpace" : false
    } ]
  }, {
    "id" : "s1",
    "begin" : 79,
    "end" : 368,
    "text" : "Quiero reportar un problema en la red de mi casa\r\nEmpleado: Por seguridad necesitamos verificar algunos datos, esta bien\r\nCliente: No hay problema\r\nEmpleado: Cual es su fecha de nacimiento y su email\r\nCliente: 09/08/1990 y mi mail es carlos@gmail.com\r\nEmpleado: Gracias por la informacion.",
    "tokens" : [ {
      "id" : "s1-t0",
      "begin" : 79,
      "end" : 85,
      "text" : "Quiero",
      "whiteSpace" : false
    }, {
      "id" : "s1-t1",
      "begin" : 86,
      "end" : 94,
      "text" : "reportar",
      "whiteSpace" : false
    }, {
      "id" : "s1-t2",
      "begin" : 95,
      "end" : 97,
      "text" : "un",
      "whiteSpace" : false
    }, {
      "id" : "s1-t3",
      "begin" : 98,
      "end" : 106,
      "text" : "problema",
      "whiteSpace" : false
    }, {
      "id" : "s1-t4",
      "begin" : 107,
      "end" : 109,
      "text" : "en",
      "whiteSpace" : false
    }, {
      "id" : "s1-t5",
      "begin" : 110,
      "end" : 112,
      "text" : "la",
      "whiteSpace" : false
    }, {
      "id" : "s1-t6",
      "begin" : 113,
      "end" : 116,
      "text" : "red",
      "whiteSpace" : false
    }, {
      "id" : "s1-t7",
      "begin" : 117,
      "end" : 119,
      "text" : "de",
      "whiteSpace" : false
    }, {
      "id" : "s1-t8",
      "begin" : 120,
      "end" : 122,
      "text" : "mi",
      "whiteSpace" : false
    }, {
      "id" : "s1-t9",
      "begin" : 123,
      "end" : 127,
      "text" : "casa",
      "whiteSpace" : false
    }, {
      "id" : "s1-t10",
      "begin" : 129,
      "end" : 137,
      "text" : "Empleado",
      "whiteSpace" : false
    }, {
      "id" : "s1-t11",
      "begin" : 137,
      "end" : 138,
      "text" : ":",
      "whiteSpace" : false
    }, {
      "id" : "s1-t12",
      "begin" : 139,
      "end" : 142,
      "text" : "Por",
      "whiteSpace" : false
    }, {
      "id" : "s1-t13",
      "begin" : 143,
      "end" : 152,
      "text" : "seguridad",
      "whiteSpace" : false
    }, {
      "id" : "s1-t14",
      "begin" : 153,
      "end" : 164,
      "text" : "necesitamos",
      "whiteSpace" : false
    }, {
      "id" : "s1-t15",
      "begin" : 165,
      "end" : 174,
      "text" : "verificar",
      "whiteSpace" : false
    }, {
      "id" : "s1-t16",
      "begin" : 175,
      "end" : 182,
      "text" : "algunos",
      "whiteSpace" : false
    }, {
      "id" : "s1-t17",
      "begin" : 183,
      "end" : 188,
      "text" : "datos",
      "whiteSpace" : false
    }, {
      "id" : "s1-t18",
      "begin" : 188,
      "end" : 189,
      "text" : ",",
      "whiteSpace" : false
    }, {
      "id" : "s1-t19",
      "begin" : 190,
      "end" : 194,
      "text" : "esta",
      "whiteSpace" : false
    }, {
      "id" : "s1-t20",
      "begin" : 195,
      "end" : 199,
      "text" : "bien",
      "whiteSpace" : false
    }, {
      "id" : "s1-t21",
      "begin" : 201,
      "end" : 208,
      "text" : "Cliente",
      "whiteSpace" : false
    }, {
      "id" : "s1-t22",
      "begin" : 208,
      "end" : 209,
      "text" : ":",
      "whiteSpace" : false
    }, {
      "id" : "s1-t23",
      "begin" : 210,
      "end" : 212,
      "text" : "No",
      "whiteSpace" : false
    }, {
      "id" : "s1-t24",
      "begin" : 213,
      "end" : 216,
      "text" : "hay",
      "whiteSpace" : false
    }, {
      "id" : "s1-t25",
      "begin" : 217,
      "end" : 225,
      "text" : "problema",
      "whiteSpace" : false
    }, {
      "id" : "s1-t26",
      "begin" : 227,
      "end" : 235,
      "text" : "Empleado",
      "whiteSpace" : false
    }, {
      "id" : "s1-t27",
      "begin" : 235,
      "end" : 236,
      "text" : ":",
      "whiteSpace" : false
    }, {
      "id" : "s1-t28",
      "begin" : 237,
      "end" : 241,
      "text" : "Cual",
      "whiteSpace" : false
    }, {
      "id" : "s1-t29",
      "begin" : 242,
      "end" : 244,
      "text" : "es",
      "whiteSpace" : false
    }, {
      "id" : "s1-t30",
      "begin" : 245,
      "end" : 247,
      "text" : "su",
      "whiteSpace" : false
    }, {
      "id" : "s1-t31",
      "begin" : 248,
      "end" : 253,
      "text" : "fecha",
      "whiteSpace" : false
    }, {
      "id" : "s1-t32",
      "begin" : 254,
      "end" : 256,
      "text" : "de",
      "whiteSpace" : false
    }, {
      "id" : "s1-t33",
      "begin" : 257,
      "end" : 267,
      "text" : "nacimiento",
      "whiteSpace" : false
    }, {
      "id" : "s1-t34",
      "begin" : 268,
      "end" : 269,
      "text" : "y",
      "whiteSpace" : false
    }, {
      "id" : "s1-t35",
      "begin" : 270,
      "end" : 272,
      "text" : "su",
      "whiteSpace" : false
    }, {
      "id" : "s1-t36",
      "begin" : 273,
      "end" : 278,
      "text" : "email",
      "whiteSpace" : false
    }, {
      "id" : "s1-t37",
      "begin" : 280,
      "end" : 287,
      "text" : "Cliente",
      "whiteSpace" : false
    }, {
      "id" : "s1-t38",
      "begin" : 287,
      "end" : 288,
      "text" : ":",
      "whiteSpace" : false
    }, {
      "id" : "s1-t39",
      "begin" : 289,
      "end" : 299,
      "text" : "09/08/1990",
      "whiteSpace" : false
    }, {
      "id" : "s1-t40",
      "begin" : 300,
      "end" : 301,
      "text" : "y",
      "whiteSpace" : false
    }, {
      "id" : "s1-t41",
      "begin" : 302,
      "end" : 304,
      "text" : "mi",
      "whiteSpace" : false
    }, {
      "id" : "s1-t42",
      "begin" : 305,
      "end" : 309,
      "text" : "mail",
      "whiteSpace" : false
    }, {
      "id" : "s1-t43",
      "begin" : 310,
      "end" : 312,
      "text" : "es",
      "whiteSpace" : false
    }, {
      "id" : "s1-t44",
      "begin" : 313,
      "end" : 329,
      "text" : "carlos@gmail.com",
      "whiteSpace" : false
    }, {
      "id" : "s1-t45",
      "begin" : 331,
      "end" : 339,
      "text" : "Empleado",
      "whiteSpace" : false
    }, {
      "id" : "s1-t46",
      "begin" : 339,
      "end" : 340,
      "text" : ":",
      "whiteSpace" : false
    }, {
      "id" : "s1-t47",
      "begin" : 341,
      "end" : 348,
      "text" : "Gracias",
      "whiteSpace" : false
    }, {
      "id" : "s1-t48",
      "begin" : 349,
      "end" : 352,
      "text" : "por",
      "whiteSpace" : false
    }, {
      "id" : "s1-t49",
      "begin" : 353,
      "end" : 355,
      "text" : "la",
      "whiteSpace" : false
    }, {
      "id" : "s1-t50",
      "begin" : 356,
      "end" : 367,
      "text" : "informacion",
      "whiteSpace" : false
    }, {
      "id" : "s1-t51",
      "begin" : 367,
      "end" : 368,
      "text" : ".",
      "whiteSpace" : false
    } ]
  }, {
    "id" : "s2",
    "begin" : 369,
    "end" : 535,
    "text" : "Puede explicarme cual es el problema\r\nCliente: La red movil es inestable, pierdo llamadas y el audio es pesimo\r\nEmpleado: Puede confirmarme su direccion\r\nCliente: av.",
    "tokens" : [ {
      "id" : "s2-t0",
      "begin" : 369,
      "end" : 374,
      "text" : "Puede",
      "whiteSpace" : false
    }, {
      "id" : "s2-t1",
      "begin" : 375,
      "end" : 385,
      "text" : "explicarme",
      "whiteSpace" : false
    }, {
      "id" : "s2-t2",
      "begin" : 386,
      "end" : 390,
      "text" : "cual",
      "whiteSpace" : false
    }, {
      "id" : "s2-t3",
      "begin" : 391,
      "end" : 393,
      "text" : "es",
      "whiteSpace" : false
    }, {
      "id" : "s2-t4",
      "begin" : 394,
      "end" : 396,
      "text" : "el",
      "whiteSpace" : false
    }, {
      "id" : "s2-t5",
      "begin" : 397,
      "end" : 405,
      "text" : "problema",
      "whiteSpace" : false
    }, {
      "id" : "s2-t6",
      "begin" : 407,
      "end" : 414,
      "text" : "Cliente",
      "whiteSpace" : false
    }, {
      "id" : "s2-t7",
      "begin" : 414,
      "end" : 415,
      "text" : ":",
      "whiteSpace" : false
    }, {
      "id" : "s2-t8",
      "begin" : 416,
      "end" : 418,
      "text" : "La",
      "whiteSpace" : false
    }, {
      "id" : "s2-t9",
      "begin" : 419,
      "end" : 422,
      "text" : "red",
      "whiteSpace" : false
    }, {
      "id" : "s2-t10",
      "begin" : 423,
      "end" : 428,
      "text" : "movil",
      "whiteSpace" : false
    }, {
      "id" : "s2-t11",
      "begin" : 429,
      "end" : 431,
      "text" : "es",
      "whiteSpace" : false
    }, {
      "id" : "s2-t12",
      "begin" : 432,
      "end" : 441,
      "text" : "inestable",
      "whiteSpace" : false
    }, {
      "id" : "s2-t13",
      "begin" : 441,
      "end" : 442,
      "text" : ",",
      "whiteSpace" : false
    }, {
      "id" : "s2-t14",
      "begin" : 443,
      "end" : 449,
      "text" : "pierdo",
      "whiteSpace" : false
    }, {
      "id" : "s2-t15",
      "begin" : 450,
      "end" : 458,
      "text" : "llamadas",
      "whiteSpace" : false
    }, {
      "id" : "s2-t16",
      "begin" : 459,
      "end" : 460,
      "text" : "y",
      "whiteSpace" : false
    }, {
      "id" : "s2-t17",
      "begin" : 461,
      "end" : 463,
      "text" : "el",
      "whiteSpace" : false
    }, {
      "id" : "s2-t18",
      "begin" : 464,
      "end" : 469,
      "text" : "audio",
      "whiteSpace" : false
    }, {
      "id" : "s2-t19",
      "begin" : 470,
      "end" : 472,
      "text" : "es",
      "whiteSpace" : false
    }, {
      "id" : "s2-t20",
      "begin" : 473,
      "end" : 479,
      "text" : "pesimo",
      "whiteSpace" : false
    }, {
      "id" : "s2-t21",
      "begin" : 481,
      "end" : 489,
      "text" : "Empleado",
      "whiteSpace" : false
    }, {
      "id" : "s2-t22",
      "begin" : 489,
      "end" : 490,
      "text" : ":",
      "whiteSpace" : false
    }, {
      "id" : "s2-t23",
      "begin" : 491,
      "end" : 496,
      "text" : "Puede",
      "whiteSpace" : false
    }, {
      "id" : "s2-t24",
      "begin" : 497,
      "end" : 508,
      "text" : "confirmarme",
      "whiteSpace" : false
    }, {
      "id" : "s2-t25",
      "begin" : 509,
      "end" : 511,
      "text" : "su",
      "whiteSpace" : false
    }, {
      "id" : "s2-t26",
      "begin" : 512,
      "end" : 521,
      "text" : "direccion",
      "whiteSpace" : false
    }, {
      "id" : "s2-t27",
      "begin" : 523,
      "end" : 530,
      "text" : "Cliente",
      "whiteSpace" : false
    }, {
      "id" : "s2-t28",
      "begin" : 530,
      "end" : 531,
      "text" : ":",
      "whiteSpace" : false
    }, {
      "id" : "s2-t29",
      "begin" : 532,
      "end" : 534,
      "text" : "av",
      "whiteSpace" : false
    }, {
      "id" : "s2-t30",
      "begin" : 534,
      "end" : 535,
      "text" : ".",
      "whiteSpace" : false
    } ]
  }, {
    "id" : "s3",
    "begin" : 536,
    "end" : 604,
    "text" : "vasco de quiroga 1999\r\nEmpleado: Gracias por la confirmacion, señor.",
    "tokens" : [ {
      "id" : "s3-t0",
      "begin" : 536,
      "end" : 541,
      "text" : "vasco",
      "whiteSpace" : false
    }, {
      "id" : "s3-t1",
      "begin" : 542,
      "end" : 544,
      "text" : "de",
      "whiteSpace" : false
    }, {
      "id" : "s3-t2",
      "begin" : 545,
      "end" : 552,
      "text" : "quiroga",
      "whiteSpace" : false
    }, {
      "id" : "s3-t3",
      "begin" : 553,
      "end" : 557,
      "text" : "1999",
      "whiteSpace" : false
    }, {
      "id" : "s3-t4",
      "begin" : 559,
      "end" : 567,
      "text" : "Empleado",
      "whiteSpace" : false
    }, {
      "id" : "s3-t5",
      "begin" : 567,
      "end" : 568,
      "text" : ":",
      "whiteSpace" : false
    }, {
      "id" : "s3-t6",
      "begin" : 569,
      "end" : 576,
      "text" : "Gracias",
      "whiteSpace" : false
    }, {
      "id" : "s3-t7",
      "begin" : 577,
      "end" : 580,
      "text" : "por",
      "whiteSpace" : false
    }, {
      "id" : "s3-t8",
      "begin" : 581,
      "end" : 583,
      "text" : "la",
      "whiteSpace" : false
    }, {
      "id" : "s3-t9",
      "begin" : 584,
      "end" : 596,
      "text" : "confirmacion",
      "whiteSpace" : false
    }, {
      "id" : "s3-t10",
      "begin" : 596,
      "end" : 597,
      "text" : ",",
      "whiteSpace" : false
    }, {
      "id" : "s3-t11",
      "begin" : 598,
      "end" : 603,
      "text" : "señor",
      "whiteSpace" : false
    }, {
      "id" : "s3-t12",
      "begin" : 603,
      "end" : 604,
      "text" : ".",
      "whiteSpace" : false
    } ]
  }, {
    "id" : "s4",
    "begin" : 605,
    "end" : 658,
    "text" : "Enviaremos un tecnico a revisar su problema de señal.",
    "tokens" : [ {
      "id" : "s4-t0",
      "begin" : 605,
      "end" : 615,
      "text" : "Enviaremos",
      "whiteSpace" : false
    }, {
      "id" : "s4-t1",
      "begin" : 616,
      "end" : 618,
      "text" : "un",
      "whiteSpace" : false
    }, {
      "id" : "s4-t2",
      "begin" : 619,
      "end" : 626,
      "text" : "tecnico",
      "whiteSpace" : false
    }, {
      "id" : "s4-t3",
      "begin" : 627,
      "end" : 628,
      "text" : "a",
      "whiteSpace" : false
    }, {
      "id" : "s4-t4",
      "begin" : 629,
      "end" : 636,
      "text" : "revisar",
      "whiteSpace" : false
    }, {
      "id" : "s4-t5",
      "begin" : 637,
      "end" : 639,
      "text" : "su",
      "whiteSpace" : false
    }, {
      "id" : "s4-t6",
      "begin" : 640,
      "end" : 648,
      "text" : "problema",
      "whiteSpace" : false
    }, {
      "id" : "s4-t7",
      "begin" : 649,
      "end" : 651,
      "text" : "de",
      "whiteSpace" : false
    }, {
      "id" : "s4-t8",
      "begin" : 652,
      "end" : 657,
      "text" : "señal",
      "whiteSpace" : false
    }, {
      "id" : "s4-t9",
      "begin" : 657,
      "end" : 658,
      "text" : ".",
      "whiteSpace" : false
    } ]
  }, {
    "id" : "s5",
    "begin" : 659,
    "end" : 694,
    "text" : "Hay algo mas en que pueda ayudarle?",
    "tokens" : [ {
      "id" : "s5-t0",
      "begin" : 659,
      "end" : 662,
      "text" : "Hay",
      "whiteSpace" : false
    }, {
      "id" : "s5-t1",
      "begin" : 663,
      "end" : 667,
      "text" : "algo",
      "whiteSpace" : false
    }, {
      "id" : "s5-t2",
      "begin" : 668,
      "end" : 671,
      "text" : "mas",
      "whiteSpace" : false
    }, {
      "id" : "s5-t3",
      "begin" : 672,
      "end" : 674,
      "text" : "en",
      "whiteSpace" : false
    }, {
      "id" : "s5-t4",
      "begin" : 675,
      "end" : 678,
      "text" : "que",
      "whiteSpace" : false
    }, {
      "id" : "s5-t5",
      "begin" : 679,
      "end" : 684,
      "text" : "pueda",
      "whiteSpace" : false
    }, {
      "id" : "s5-t6",
      "begin" : 685,
      "end" : 693,
      "text" : "ayudarle",
      "whiteSpace" : false
    }, {
      "id" : "s5-t7",
      "begin" : 693,
      "end" : 694,
      "text" : "?",
      "whiteSpace" : false
    } ]
  }, {
    "id" : "s6",
    "begin" : 696,
    "end" : 747,
    "text" : "Cliente: No\r\nEmpleado: Gracias por llamar a Celtel.",
    "tokens" : [ {
      "id" : "s6-t0",
      "begin" : 696,
      "end" : 703,
      "text" : "Cliente",
      "whiteSpace" : false
    }, {
      "id" : "s6-t1",
      "begin" : 703,
      "end" : 704,
      "text" : ":",
      "whiteSpace" : false
    }, {
      "id" : "s6-t2",
      "begin" : 705,
      "end" : 707,
      "text" : "No",
      "whiteSpace" : false
    }, {
      "id" : "s6-t3",
      "begin" : 709,
      "end" : 717,
      "text" : "Empleado",
      "whiteSpace" : false
    }, {
      "id" : "s6-t4",
      "begin" : 717,
      "end" : 718,
      "text" : ":",
      "whiteSpace" : false
    }, {
      "id" : "s6-t5",
      "begin" : 719,
      "end" : 726,
      "text" : "Gracias",
      "whiteSpace" : false
    }, {
      "id" : "s6-t6",
      "begin" : 727,
      "end" : 730,
      "text" : "por",
      "whiteSpace" : false
    }, {
      "id" : "s6-t7",
      "begin" : 731,
      "end" : 737,
      "text" : "llamar",
      "whiteSpace" : false
    }, {
      "id" : "s6-t8",
      "begin" : 738,
      "end" : 739,
      "text" : "a",
      "whiteSpace" : false
    }, {
      "id" : "s6-t9",
      "begin" : 740,
      "end" : 746,
      "text" : "Celtel",
      "whiteSpace" : false
    }, {
      "id" : "s6-t10",
      "begin" : 746,
      "end" : 747,
      "text" : ".",
      "whiteSpace" : false
    } ]
  }, {
    "id" : "s7",
    "begin" : 748,
    "end" : 793,
    "text" : "Que tenga un buen dia\r\nCliente: Usted tambien",
    "tokens" : [ {
      "id" : "s7-t0",
      "begin" : 748,
      "end" : 751,
      "text" : "Que",
      "whiteSpace" : false
    }, {
      "id" : "s7-t1",
      "begin" : 752,
      "end" : 757,
      "text" : "tenga",
      "whiteSpace" : false
    }, {
      "id" : "s7-t2",
      "begin" : 758,
      "end" : 760,
      "text" : "un",
      "whiteSpace" : false
    }, {
      "id" : "s7-t3",
      "begin" : 761,
      "end" : 765,
      "text" : "buen",
      "whiteSpace" : false
    }, {
      "id" : "s7-t4",
      "begin" : 766,
      "end" : 769,
      "text" : "dia",
      "whiteSpace" : false
    }, {
      "id" : "s7-t5",
      "begin" : 771,
      "end" : 778,
      "text" : "Cliente",
      "whiteSpace" : false
    }, {
      "id" : "s7-t6",
      "begin" : 778,
      "end" : 779,
      "text" : ":",
      "whiteSpace" : false
    }, {
      "id" : "s7-t7",
      "begin" : 780,
      "end" : 785,
      "text" : "Usted",
      "whiteSpace" : false
    }, {
      "id" : "s7-t8",
      "begin" : 786,
      "end" : 793,
      "text" : "tambien",
      "whiteSpace" : false
    } ]
  } ],
  "mentions" : [ {
    "id" : "s0-m1",
    "properties" : {
      "SIRE_MENTION_ROLE" : "Nombre",
      "SIRE_ENTITY_SUBTYPE" : "NONE",
      "SIRE_MENTION_TYPE" : "NONE",
      "SIRE_MENTION_CLASS" : "SPC"
    },
    "type" : "Nombre",
    "begin" : 71,
    "end" : 77,
    "inCoref" : false
  }, {
    "id" : "s1-m1",
    "properties" : {
      "SIRE_MENTION_ROLE" : "Dia_de_nacimiento",
      "SIRE_ENTITY_SUBTYPE" : "NONE",
      "SIRE_MENTION_TYPE" : "NONE",
      "SIRE_MENTION_CLASS" : "SPC"
    },
    "type" : "Dia_de_nacimiento",
    "begin" : 289,
    "end" : 299,
    "inCoref" : false
  }, {
    "id" : "s1-m2",
    "properties" : {
      "SIRE_MENTION_ROLE" : "Mail",
      "SIRE_ENTITY_SUBTYPE" : "NONE",
      "SIRE_MENTION_TYPE" : "NONE",
      "SIRE_MENTION_CLASS" : "SPC"
    },
    "type" : "Mail",
    "begin" : 313,
    "end" : 329,
    "inCoref" : false
  }, {
    "id" : "s2-m1",
    "properties" : {
      "SIRE_MENTION_ROLE" : "Direccion",
      "SIRE_ENTITY_SUBTYPE" : "NONE",
      "SIRE_MENTION_TYPE" : "NONE",
      "SIRE_MENTION_CLASS" : "SPC"
    },
    "type" : "Direccion",
    "begin" : 532,
    "end" : 534,
    "inCoref" : false
  }, {
    "id" : "s2-m2",
    "properties" : {
      "SIRE_MENTION_ROLE" : "Direccion",
      "SIRE_ENTITY_SUBTYPE" : "NONE",
      "SIRE_MENTION_TYPE" : "NONE",
      "SIRE_MENTION_CLASS" : "SPC"
    },
    "type" : "Direccion",
    "begin" : 534,
    "end" : 535,
    "inCoref" : false
  }, {
    "id" : "s3-m1",
    "properties" : {
      "SIRE_MENTION_ROLE" : "Direccion",
      "SIRE_ENTITY_SUBTYPE" : "NONE",
      "SIRE_MENTION_TYPE" : "NONE",
      "SIRE_MENTION_CLASS" : "SPC"
    },
    "type" : "Direccion",
    "begin" : 536,
    "end" : 557,
    "inCoref" : false
  } ],
  "relations" : [ ],
  "corefs" : [ ],
  "typeResolved" : true,
  "userResolved" : false
}