{
  "id" : "8bb2d0c0-8623-11e9-a472-f96576696f20-1",
  "name" : "chat2.txt",
  "createdDate" : 0,
  "version" : 3,
  "text" : "Empleado: Hola soy pedro. En que puedo ayudarle \r\nCliente:Hola Pedro, Soy Oscar. Quiero saber por que no hay red desde ayer\r\nEmpleado: Muy bien. Quiere saber acerca del numero del que esta llamando\r\nCliente: si\r\nEmpleado: Por seguridad necesitamos verificar algunos datos, esta bien\r\nCliente: Si\r\nEmpleado: Cual es su fecha de nacimiento y su email\r\nCliente: Mi fecha de nacimiento es 15 del 11 de 1989, y mi email es oscar.gei@gmail.com\r\nEmpleado: Disculpe señor, usted tiene un saldo pendiente de los ultimos 2 meses, es por eso que su servicio esta desconectado\r\nCliente: oh ya veo. Quiero pagar la deuda pendiente\r\nEmpleado: Ok, por favor digame el nombre de la compañia donde trabaja y su numero de empleado\r\nCliente: Trabajo en IBM y mi numero de empleado es 186009\r\nEmpleado: Muy bien, su numero se activara en 3 horas. Hay algo mas en que pueda ayudarle\r\nCliente: No, gracias\r\nEmpleado: Gracias por hablar a Celtel. Que tenga un buen dias\r\nCliente: Gracias, igualmente",
  "docLength" : 0,
  "language" : "ES",
  "status" : "SUBMITTED",
  "modifiedDate" : 1559582571241,
  "documentSet" : [ ],
  "preannotation" : [ ],
  "sentences" : [ {
    "id" : "s0",
    "begin" : 0,
    "end" : 25,
    "text" : "Empleado: Hola soy pedro.",
    "tokens" : [ {
      "id" : "s0-t0",
      "begin" : 0,
      "end" : 8,
      "text" : "Empleado",
      "whiteSpace" : false
    }, {
      "id" : "s0-t1",
      "begin" : 8,
      "end" : 9,
      "text" : ":",
      "whiteSpace" : false
    }, {
      "id" : "s0-t2",
      "begin" : 10,
      "end" : 14,
      "text" : "Hola",
      "whiteSpace" : false
    }, {
      "id" : "s0-t3",
      "begin" : 15,
      "end" : 18,
      "text" : "soy",
      "whiteSpace" : false
    }, {
      "id" : "s0-t4",
      "begin" : 19,
      "end" : 24,
      "text" : "pedro",
      "whiteSpace" : false
    }, {
      "id" : "s0-t5",
      "begin" : 24,
      "end" : 25,
      "text" : ".",
      "whiteSpace" : false
    } ]
  }, {
    "id" : "s1",
    "begin" : 26,
    "end" : 80,
    "text" : "En que puedo ayudarle \r\nCliente:Hola Pedro, Soy Oscar.",
    "tokens" : [ {
      "id" : "s1-t0",
      "begin" : 26,
      "end" : 28,
      "text" : "En",
      "whiteSpace" : false
    }, {
      "id" : "s1-t1",
      "begin" : 29,
      "end" : 32,
      "text" : "que",
      "whiteSpace" : false
    }, {
      "id" : "s1-t2",
      "begin" : 33,
      "end" : 38,
      "text" : "puedo",
      "whiteSpace" : false
    }, {
      "id" : "s1-t3",
      "begin" : 39,
      "end" : 47,
      "text" : "ayudarle",
      "whiteSpace" : false
    }, {
      "id" : "s1-t4",
      "begin" : 50,
      "end" : 57,
      "text" : "Cliente",
      "whiteSpace" : false
    }, {
      "id" : "s1-t5",
      "begin" : 57,
      "end" : 58,
      "text" : ":",
      "whiteSpace" : false
    }, {
      "id" : "s1-t6",
      "begin" : 58,
      "end" : 62,
      "text" : "Hola",
      "whiteSpace" : false
    }, {
      "id" : "s1-t7",
      "begin" : 63,
      "end" : 68,
      "text" : "Pedro",
      "whiteSpace" : false
    }, {
      "id" : "s1-t8",
      "begin" : 68,
      "end" : 69,
      "text" : ",",
      "whiteSpace" : false
    }, {
      "id" : "s1-t9",
      "begin" : 70,
      "end" : 73,
      "text" : "Soy",
      "whiteSpace" : false
    }, {
      "id" : "s1-t10",
      "begin" : 74,
      "end" : 79,
      "text" : "Oscar",
      "whiteSpace" : false
    }, {
      "id" : "s1-t11",
      "begin" : 79,
      "end" : 80,
      "text" : ".",
      "whiteSpace" : false
    } ]
  }, {
    "id" : "s2",
    "begin" : 81,
    "end" : 144,
    "text" : "Quiero saber por que no hay red desde ayer\r\nEmpleado: Muy bien.",
    "tokens" : [ {
      "id" : "s2-t0",
      "begin" : 81,
      "end" : 87,
      "text" : "Quiero",
      "whiteSpace" : false
    }, {
      "id" : "s2-t1",
      "begin" : 88,
      "end" : 93,
      "text" : "saber",
      "whiteSpace" : false
    }, {
      "id" : "s2-t2",
      "begin" : 94,
      "end" : 97,
      "text" : "por",
      "whiteSpace" : false
    }, {
      "id" : "s2-t3",
      "begin" : 98,
      "end" : 101,
      "text" : "que",
      "whiteSpace" : false
    }, {
      "id" : "s2-t4",
      "begin" : 102,
      "end" : 104,
      "text" : "no",
      "whiteSpace" : false
    }, {
      "id" : "s2-t5",
      "begin" : 105,
      "end" : 108,
      "text" : "hay",
      "whiteSpace" : false
    }, {
      "id" : "s2-t6",
      "begin" : 109,
      "end" : 112,
      "text" : "red",
      "whiteSpace" : false
    }, {
      "id" : "s2-t7",
      "begin" : 113,
      "end" : 118,
      "text" : "desde",
      "whiteSpace" : false
    }, {
      "id" : "s2-t8",
      "begin" : 119,
      "end" : 123,
      "text" : "ayer",
      "whiteSpace" : false
    }, {
      "id" : "s2-t9",
      "begin" : 125,
      "end" : 133,
      "text" : "Empleado",
      "whiteSpace" : false
    }, {
      "id" : "s2-t10",
      "begin" : 133,
      "end" : 134,
      "text" : ":",
      "whiteSpace" : false
    }, {
      "id" : "s2-t11",
      "begin" : 135,
      "end" : 138,
      "text" : "Muy",
      "whiteSpace" : false
    }, {
      "id" : "s2-t12",
      "begin" : 139,
      "end" : 143,
      "text" : "bien",
      "whiteSpace" : false
    }, {
      "id" : "s2-t13",
      "begin" : 143,
      "end" : 144,
      "text" : ".",
      "whiteSpace" : false
    } ]
  }, {
    "id" : "s3",
    "begin" : 145,
    "end" : 585,
    "text" : "Quiere saber acerca del numero del que esta llamando\r\nCliente: si\r\nEmpleado: Por seguridad necesitamos verificar algunos datos, esta bien\r\nCliente: Si\r\nEmpleado: Cual es su fecha de nacimiento y su email\r\nCliente: Mi fecha de nacimiento es 15 del 11 de 1989, y mi email es oscar.gei@gmail.com\r\nEmpleado: Disculpe señor, usted tiene un saldo pendiente de los ultimos 2 meses, es por eso que su servicio esta desconectado\r\nCliente: oh ya veo.",
    "tokens" : [ {
      "id" : "s3-t0",
      "begin" : 145,
      "end" : 151,
      "text" : "Quiere",
      "whiteSpace" : false
    }, {
      "id" : "s3-t1",
      "begin" : 152,
      "end" : 157,
      "text" : "saber",
      "whiteSpace" : false
    }, {
      "id" : "s3-t2",
      "begin" : 158,
      "end" : 164,
      "text" : "acerca",
      "whiteSpace" : false
    }, {
      "id" : "s3-t3",
      "begin" : 165,
      "end" : 168,
      "text" : "del",
      "whiteSpace" : false
    }, {
      "id" : "s3-t4",
      "begin" : 169,
      "end" : 175,
      "text" : "numero",
      "whiteSpace" : false
    }, {
      "id" : "s3-t5",
      "begin" : 176,
      "end" : 179,
      "text" : "del",
      "whiteSpace" : false
    }, {
      "id" : "s3-t6",
      "begin" : 180,
      "end" : 183,
      "text" : "que",
      "whiteSpace" : false
    }, {
      "id" : "s3-t7",
      "begin" : 184,
      "end" : 188,
      "text" : "esta",
      "whiteSpace" : false
    }, {
      "id" : "s3-t8",
      "begin" : 189,
      "end" : 197,
      "text" : "llamando",
      "whiteSpace" : false
    }, {
      "id" : "s3-t9",
      "begin" : 199,
      "end" : 206,
      "text" : "Cliente",
      "whiteSpace" : false
    }, {
      "id" : "s3-t10",
      "begin" : 206,
      "end" : 207,
      "text" : ":",
      "whiteSpace" : false
    }, {
      "id" : "s3-t11",
      "begin" : 208,
      "end" : 210,
      "text" : "si",
      "whiteSpace" : false
    }, {
      "id" : "s3-t12",
      "begin" : 212,
      "end" : 220,
      "text" : "Empleado",
      "whiteSpace" : false
    }, {
      "id" : "s3-t13",
      "begin" : 220,
      "end" : 221,
      "text" : ":",
      "whiteSpace" : false
    }, {
      "id" : "s3-t14",
      "begin" : 222,
      "end" : 225,
      "text" : "Por",
      "whiteSpace" : false
    }, {
      "id" : "s3-t15",
      "begin" : 226,
      "end" : 235,
      "text" : "seguridad",
      "whiteSpace" : false
    }, {
      "id" : "s3-t16",
      "begin" : 236,
      "end" : 247,
      "text" : "necesitamos",
      "whiteSpace" : false
    }, {
      "id" : "s3-t17",
      "begin" : 248,
      "end" : 257,
      "text" : "verificar",
      "whiteSpace" : false
    }, {
      "id" : "s3-t18",
      "begin" : 258,
      "end" : 265,
      "text" : "algunos",
      "whiteSpace" : false
    }, {
      "id" : "s3-t19",
      "begin" : 266,
      "end" : 271,
      "text" : "datos",
      "whiteSpace" : false
    }, {
      "id" : "s3-t20",
      "begin" : 271,
      "end" : 272,
      "text" : ",",
      "whiteSpace" : false
    }, {
      "id" : "s3-t21",
      "begin" : 273,
      "end" : 277,
      "text" : "esta",
      "whiteSpace" : false
    }, {
      "id" : "s3-t22",
      "begin" : 278,
      "end" : 282,
      "text" : "bien",
      "whiteSpace" : false
    }, {
      "id" : "s3-t23",
      "begin" : 284,
      "end" : 291,
      "text" : "Cliente",
      "whiteSpace" : false
    }, {
      "id" : "s3-t24",
      "begin" : 291,
      "end" : 292,
      "text" : ":",
      "whiteSpace" : false
    }, {
      "id" : "s3-t25",
      "begin" : 293,
      "end" : 295,
      "text" : "Si",
      "whiteSpace" : false
    }, {
      "id" : "s3-t26",
      "begin" : 297,
      "end" : 305,
      "text" : "Empleado",
      "whiteSpace" : false
    }, {
      "id" : "s3-t27",
      "begin" : 305,
      "end" : 306,
      "text" : ":",
      "whiteSpace" : false
    }, {
      "id" : "s3-t28",
      "begin" : 307,
      "end" : 311,
      "text" : "Cual",
      "whiteSpace" : false
    }, {
      "id" : "s3-t29",
      "begin" : 312,
      "end" : 314,
      "text" : "es",
      "whiteSpace" : false
    }, {
      "id" : "s3-t30",
      "begin" : 315,
      "end" : 317,
      "text" : "su",
      "whiteSpace" : false
    }, {
      "id" : "s3-t31",
      "begin" : 318,
      "end" : 323,
      "text" : "fecha",
      "whiteSpace" : false
    }, {
      "id" : "s3-t32",
      "begin" : 324,
      "end" : 326,
      "text" : "de",
      "whiteSpace" : false
    }, {
      "id" : "s3-t33",
      "begin" : 327,
      "end" : 337,
      "text" : "nacimiento",
      "whiteSpace" : false
    }, {
      "id" : "s3-t34",
      "begin" : 338,
      "end" : 339,
      "text" : "y",
      "whiteSpace" : false
    }, {
      "id" : "s3-t35",
      "begin" : 340,
      "end" : 342,
      "text" : "su",
      "whiteSpace" : false
    }, {
      "id" : "s3-t36",
      "begin" : 343,
      "end" : 348,
      "text" : "email",
      "whiteSpace" : false
    }, {
      "id" : "s3-t37",
      "begin" : 350,
      "end" : 357,
      "text" : "Cliente",
      "whiteSpace" : false
    }, {
      "id" : "s3-t38",
      "begin" : 357,
      "end" : 358,
      "text" : ":",
      "whiteSpace" : false
    }, {
      "id" : "s3-t39",
      "begin" : 359,
      "end" : 361,
      "text" : "Mi",
      "whiteSpace" : false
    }, {
      "id" : "s3-t40",
      "begin" : 362,
      "end" : 367,
      "text" : "fecha",
      "whiteSpace" : false
    }, {
      "id" : "s3-t41",
      "begin" : 368,
      "end" : 370,
      "text" : "de",
      "whiteSpace" : false
    }, {
      "id" : "s3-t42",
      "begin" : 371,
      "end" : 381,
      "text" : "nacimiento",
      "whiteSpace" : false
    }, {
      "id" : "s3-t43",
      "begin" : 382,
      "end" : 384,
      "text" : "es",
      "whiteSpace" : false
    }, {
      "id" : "s3-t44",
      "begin" : 385,
      "end" : 387,
      "text" : "15",
      "whiteSpace" : false
    }, {
      "id" : "s3-t45",
      "begin" : 388,
      "end" : 391,
      "text" : "del",
      "whiteSpace" : false
    }, {
      "id" : "s3-t46",
      "begin" : 392,
      "end" : 394,
      "text" : "11",
      "whiteSpace" : false
    }, {
      "id" : "s3-t47",
      "begin" : 395,
      "end" : 397,
      "text" : "de",
      "whiteSpace" : false
    }, {
      "id" : "s3-t48",
      "begin" : 398,
      "end" : 402,
      "text" : "1989",
      "whiteSpace" : false
    }, {
      "id" : "s3-t49",
      "begin" : 402,
      "end" : 403,
      "text" : ",",
      "whiteSpace" : false
    }, {
      "id" : "s3-t50",
      "begin" : 404,
      "end" : 405,
      "text" : "y",
      "whiteSpace" : false
    }, {
      "id" : "s3-t51",
      "begin" : 406,
      "end" : 408,
      "text" : "mi",
      "whiteSpace" : false
    }, {
      "id" : "s3-t52",
      "begin" : 409,
      "end" : 414,
      "text" : "email",
      "whiteSpace" : false
    }, {
      "id" : "s3-t53",
      "begin" : 415,
      "end" : 417,
      "text" : "es",
      "whiteSpace" : false
    }, {
      "id" : "s3-t54",
      "begin" : 418,
      "end" : 437,
      "text" : "oscar.gei@gmail.com",
      "whiteSpace" : false
    }, {
      "id" : "s3-t55",
      "begin" : 439,
      "end" : 447,
      "text" : "Empleado",
      "whiteSpace" : false
    }, {
      "id" : "s3-t56",
      "begin" : 447,
      "end" : 448,
      "text" : ":",
      "whiteSpace" : false
    }, {
      "id" : "s3-t57",
      "begin" : 449,
      "end" : 457,
      "text" : "Disculpe",
      "whiteSpace" : false
    }, {
      "id" : "s3-t58",
      "begin" : 458,
      "end" : 463,
      "text" : "señor",
      "whiteSpace" : false
    }, {
      "id" : "s3-t59",
      "begin" : 463,
      "end" : 464,
      "text" : ",",
      "whiteSpace" : false
    }, {
      "id" : "s3-t60",
      "begin" : 465,
      "end" : 470,
      "text" : "usted",
      "whiteSpace" : false
    }, {
      "id" : "s3-t61",
      "begin" : 471,
      "end" : 476,
      "text" : "tiene",
      "whiteSpace" : false
    }, {
      "id" : "s3-t62",
      "begin" : 477,
      "end" : 479,
      "text" : "un",
      "whiteSpace" : false
    }, {
      "id" : "s3-t63",
      "begin" : 480,
      "end" : 485,
      "text" : "saldo",
      "whiteSpace" : false
    }, {
      "id" : "s3-t64",
      "begin" : 486,
      "end" : 495,
      "text" : "pendiente",
      "whiteSpace" : false
    }, {
      "id" : "s3-t65",
      "begin" : 496,
      "end" : 498,
      "text" : "de",
      "whiteSpace" : false
    }, {
      "id" : "s3-t66",
      "begin" : 499,
      "end" : 502,
      "text" : "los",
      "whiteSpace" : false
    }, {
      "id" : "s3-t67",
      "begin" : 503,
      "end" : 510,
      "text" : "ultimos",
      "whiteSpace" : false
    }, {
      "id" : "s3-t68",
      "begin" : 511,
      "end" : 512,
      "text" : "2",
      "whiteSpace" : false
    }, {
      "id" : "s3-t69",
      "begin" : 513,
      "end" : 518,
      "text" : "meses",
      "whiteSpace" : false
    }, {
      "id" : "s3-t70",
      "begin" : 518,
      "end" : 519,
      "text" : ",",
      "whiteSpace" : false
    }, {
      "id" : "s3-t71",
      "begin" : 520,
      "end" : 522,
      "text" : "es",
      "whiteSpace" : false
    }, {
      "id" : "s3-t72",
      "begin" : 523,
      "end" : 526,
      "text" : "por",
      "whiteSpace" : false
    }, {
      "id" : "s3-t73",
      "begin" : 527,
      "end" : 530,
      "text" : "eso",
      "whiteSpace" : false
    }, {
      "id" : "s3-t74",
      "begin" : 531,
      "end" : 534,
      "text" : "que",
      "whiteSpace" : false
    }, {
      "id" : "s3-t75",
      "begin" : 535,
      "end" : 537,
      "text" : "su",
      "whiteSpace" : false
    }, {
      "id" : "s3-t76",
      "begin" : 538,
      "end" : 546,
      "text" : "servicio",
      "whiteSpace" : false
    }, {
      "id" : "s3-t77",
      "begin" : 547,
      "end" : 551,
      "text" : "esta",
      "whiteSpace" : false
    }, {
      "id" : "s3-t78",
      "begin" : 552,
      "end" : 564,
      "text" : "desconectado",
      "whiteSpace" : false
    }, {
      "id" : "s3-t79",
      "begin" : 566,
      "end" : 573,
      "text" : "Cliente",
      "whiteSpace" : false
    }, {
      "id" : "s3-t80",
      "begin" : 573,
      "end" : 574,
      "text" : ":",
      "whiteSpace" : false
    }, {
      "id" : "s3-t81",
      "begin" : 575,
      "end" : 577,
      "text" : "oh",
      "whiteSpace" : false
    }, {
      "id" : "s3-t82",
      "begin" : 578,
      "end" : 580,
      "text" : "ya",
      "whiteSpace" : false
    }, {
      "id" : "s3-t83",
      "begin" : 581,
      "end" : 584,
      "text" : "veo",
      "whiteSpace" : false
    }, {
      "id" : "s3-t84",
      "begin" : 584,
      "end" : 585,
      "text" : ".",
      "whiteSpace" : false
    } ]
  }, {
    "id" : "s4",
    "begin" : 586,
    "end" : 826,
    "text" : "Quiero pagar la deuda pendiente\r\nEmpleado: Ok, por favor digame el nombre de la compañia donde trabaja y su numero de empleado\r\nCliente: Trabajo en IBM y mi numero de empleado es 186009\r\nEmpleado: Muy bien, su numero se activara en 3 horas.",
    "tokens" : [ {
      "id" : "s4-t0",
      "begin" : 586,
      "end" : 592,
      "text" : "Quiero",
      "whiteSpace" : false
    }, {
      "id" : "s4-t1",
      "begin" : 593,
      "end" : 598,
      "text" : "pagar",
      "whiteSpace" : false
    }, {
      "id" : "s4-t2",
      "begin" : 599,
      "end" : 601,
      "text" : "la",
      "whiteSpace" : false
    }, {
      "id" : "s4-t3",
      "begin" : 602,
      "end" : 607,
      "text" : "deuda",
      "whiteSpace" : false
    }, {
      "id" : "s4-t4",
      "begin" : 608,
      "end" : 617,
      "text" : "pendiente",
      "whiteSpace" : false
    }, {
      "id" : "s4-t5",
      "begin" : 619,
      "end" : 627,
      "text" : "Empleado",
      "whiteSpace" : false
    }, {
      "id" : "s4-t6",
      "begin" : 627,
      "end" : 628,
      "text" : ":",
      "whiteSpace" : false
    }, {
      "id" : "s4-t7",
      "begin" : 629,
      "end" : 631,
      "text" : "Ok",
      "whiteSpace" : false
    }, {
      "id" : "s4-t8",
      "begin" : 631,
      "end" : 632,
      "text" : ",",
      "whiteSpace" : false
    }, {
      "id" : "s4-t9",
      "begin" : 633,
      "end" : 636,
      "text" : "por",
      "whiteSpace" : false
    }, {
      "id" : "s4-t10",
      "begin" : 637,
      "end" : 642,
      "text" : "favor",
      "whiteSpace" : false
    }, {
      "id" : "s4-t11",
      "begin" : 643,
      "end" : 649,
      "text" : "digame",
      "whiteSpace" : false
    }, {
      "id" : "s4-t12",
      "begin" : 650,
      "end" : 652,
      "text" : "el",
      "whiteSpace" : false
    }, {
      "id" : "s4-t13",
      "begin" : 653,
      "end" : 659,
      "text" : "nombre",
      "whiteSpace" : false
    }, {
      "id" : "s4-t14",
      "begin" : 660,
      "end" : 662,
      "text" : "de",
      "whiteSpace" : false
    }, {
      "id" : "s4-t15",
      "begin" : 663,
      "end" : 665,
      "text" : "la",
      "whiteSpace" : false
    }, {
      "id" : "s4-t16",
      "begin" : 666,
      "end" : 674,
      "text" : "compañia",
      "whiteSpace" : false
    }, {
      "id" : "s4-t17",
      "begin" : 675,
      "end" : 680,
      "text" : "donde",
      "whiteSpace" : false
    }, {
      "id" : "s4-t18",
      "begin" : 681,
      "end" : 688,
      "text" : "trabaja",
      "whiteSpace" : false
    }, {
      "id" : "s4-t19",
      "begin" : 689,
      "end" : 690,
      "text" : "y",
      "whiteSpace" : false
    }, {
      "id" : "s4-t20",
      "begin" : 691,
      "end" : 693,
      "text" : "su",
      "whiteSpace" : false
    }, {
      "id" : "s4-t21",
      "begin" : 694,
      "end" : 700,
      "text" : "numero",
      "whiteSpace" : false
    }, {
      "id" : "s4-t22",
      "begin" : 701,
      "end" : 703,
      "text" : "de",
      "whiteSpace" : false
    }, {
      "id" : "s4-t23",
      "begin" : 704,
      "end" : 712,
      "text" : "empleado",
      "whiteSpace" : false
    }, {
      "id" : "s4-t24",
      "begin" : 714,
      "end" : 721,
      "text" : "Cliente",
      "whiteSpace" : false
    }, {
      "id" : "s4-t25",
      "begin" : 721,
      "end" : 722,
      "text" : ":",
      "whiteSpace" : false
    }, {
      "id" : "s4-t26",
      "begin" : 723,
      "end" : 730,
      "text" : "Trabajo",
      "whiteSpace" : false
    }, {
      "id" : "s4-t27",
      "begin" : 731,
      "end" : 733,
      "text" : "en",
      "whiteSpace" : false
    }, {
      "id" : "s4-t28",
      "begin" : 734,
      "end" : 737,
      "text" : "IBM",
      "whiteSpace" : false
    }, {
      "id" : "s4-t29",
      "begin" : 738,
      "end" : 739,
      "text" : "y",
      "whiteSpace" : false
    }, {
      "id" : "s4-t30",
      "begin" : 740,
      "end" : 742,
      "text" : "mi",
      "whiteSpace" : false
    }, {
      "id" : "s4-t31",
      "begin" : 743,
      "end" : 749,
      "text" : "numero",
      "whiteSpace" : false
    }, {
      "id" : "s4-t32",
      "begin" : 750,
      "end" : 752,
      "text" : "de",
      "whiteSpace" : false
    }, {
      "id" : "s4-t33",
      "begin" : 753,
      "end" : 761,
      "text" : "empleado",
      "whiteSpace" : false
    }, {
      "id" : "s4-t34",
      "begin" : 762,
      "end" : 764,
      "text" : "es",
      "whiteSpace" : false
    }, {
      "id" : "s4-t35",
      "begin" : 765,
      "end" : 771,
      "text" : "186009",
      "whiteSpace" : false
    }, {
      "id" : "s4-t36",
      "begin" : 773,
      "end" : 781,
      "text" : "Empleado",
      "whiteSpace" : false
    }, {
      "id" : "s4-t37",
      "begin" : 781,
      "end" : 782,
      "text" : ":",
      "whiteSpace" : false
    }, {
      "id" : "s4-t38",
      "begin" : 783,
      "end" : 786,
      "text" : "Muy",
      "whiteSpace" : false
    }, {
      "id" : "s4-t39",
      "begin" : 787,
      "end" : 791,
      "text" : "bien",
      "whiteSpace" : false
    }, {
      "id" : "s4-t40",
      "begin" : 791,
      "end" : 792,
      "text" : ",",
      "whiteSpace" : false
    }, {
      "id" : "s4-t41",
      "begin" : 793,
      "end" : 795,
      "text" : "su",
      "whiteSpace" : false
    }, {
      "id" : "s4-t42",
      "begin" : 796,
      "end" : 802,
      "text" : "numero",
      "whiteSpace" : false
    }, {
      "id" : "s4-t43",
      "begin" : 803,
      "end" : 805,
      "text" : "se",
      "whiteSpace" : false
    }, {
      "id" : "s4-t44",
      "begin" : 806,
      "end" : 814,
      "text" : "activara",
      "whiteSpace" : false
    }, {
      "id" : "s4-t45",
      "begin" : 815,
      "end" : 817,
      "text" : "en",
      "whiteSpace" : false
    }, {
      "id" : "s4-t46",
      "begin" : 818,
      "end" : 819,
      "text" : "3",
      "whiteSpace" : false
    }, {
      "id" : "s4-t47",
      "begin" : 820,
      "end" : 825,
      "text" : "horas",
      "whiteSpace" : false
    }, {
      "id" : "s4-t48",
      "begin" : 825,
      "end" : 826,
      "text" : ".",
      "whiteSpace" : false
    } ]
  }, {
    "id" : "s5",
    "begin" : 827,
    "end" : 923,
    "text" : "Hay algo mas en que pueda ayudarle\r\nCliente: No, gracias\r\nEmpleado: Gracias por hablar a Celtel.",
    "tokens" : [ {
      "id" : "s5-t0",
      "begin" : 827,
      "end" : 830,
      "text" : "Hay",
      "whiteSpace" : false
    }, {
      "id" : "s5-t1",
      "begin" : 831,
      "end" : 835,
      "text" : "algo",
      "whiteSpace" : false
    }, {
      "id" : "s5-t2",
      "begin" : 836,
      "end" : 839,
      "text" : "mas",
      "whiteSpace" : false
    }, {
      "id" : "s5-t3",
      "begin" : 840,
      "end" : 842,
      "text" : "en",
      "whiteSpace" : false
    }, {
      "id" : "s5-t4",
      "begin" : 843,
      "end" : 846,
      "text" : "que",
      "whiteSpace" : false
    }, {
      "id" : "s5-t5",
      "begin" : 847,
      "end" : 852,
      "text" : "pueda",
      "whiteSpace" : false
    }, {
      "id" : "s5-t6",
      "begin" : 853,
      "end" : 861,
      "text" : "ayudarle",
      "whiteSpace" : false
    }, {
      "id" : "s5-t7",
      "begin" : 863,
      "end" : 870,
      "text" : "Cliente",
      "whiteSpace" : false
    }, {
      "id" : "s5-t8",
      "begin" : 870,
      "end" : 871,
      "text" : ":",
      "whiteSpace" : false
    }, {
      "id" : "s5-t9",
      "begin" : 872,
      "end" : 874,
      "text" : "No",
      "whiteSpace" : false
    }, {
      "id" : "s5-t10",
      "begin" : 874,
      "end" : 875,
      "text" : ",",
      "whiteSpace" : false
    }, {
      "id" : "s5-t11",
      "begin" : 876,
      "end" : 883,
      "text" : "gracias",
      "whiteSpace" : false
    }, {
      "id" : "s5-t12",
      "begin" : 885,
      "end" : 893,
      "text" : "Empleado",
      "whiteSpace" : false
    }, {
      "id" : "s5-t13",
      "begin" : 893,
      "end" : 894,
      "text" : ":",
      "whiteSpace" : false
    }, {
      "id" : "s5-t14",
      "begin" : 895,
      "end" : 902,
      "text" : "Gracias",
      "whiteSpace" : false
    }, {
      "id" : "s5-t15",
      "begin" : 903,
      "end" : 906,
      "text" : "por",
      "whiteSpace" : false
    }, {
      "id" : "s5-t16",
      "begin" : 907,
      "end" : 913,
      "text" : "hablar",
      "whiteSpace" : false
    }, {
      "id" : "s5-t17",
      "begin" : 914,
      "end" : 915,
      "text" : "a",
      "whiteSpace" : false
    }, {
      "id" : "s5-t18",
      "begin" : 916,
      "end" : 922,
      "text" : "Celtel",
      "whiteSpace" : false
    }, {
      "id" : "s5-t19",
      "begin" : 922,
      "end" : 923,
      "text" : ".",
      "whiteSpace" : false
    } ]
  }, {
    "id" : "s6",
    "begin" : 924,
    "end" : 976,
    "text" : "Que tenga un buen dias\r\nCliente: Gracias, igualmente",
    "tokens" : [ {
      "id" : "s6-t0",
      "begin" : 924,
      "end" : 927,
      "text" : "Que",
      "whiteSpace" : false
    }, {
      "id" : "s6-t1",
      "begin" : 928,
      "end" : 933,
      "text" : "tenga",
      "whiteSpace" : false
    }, {
      "id" : "s6-t2",
      "begin" : 934,
      "end" : 936,
      "text" : "un",
      "whiteSpace" : false
    }, {
      "id" : "s6-t3",
      "begin" : 937,
      "end" : 941,
      "text" : "buen",
      "whiteSpace" : false
    }, {
      "id" : "s6-t4",
      "begin" : 942,
      "end" : 946,
      "text" : "dias",
      "whiteSpace" : false
    }, {
      "id" : "s6-t5",
      "begin" : 948,
      "end" : 955,
      "text" : "Cliente",
      "whiteSpace" : false
    }, {
      "id" : "s6-t6",
      "begin" : 955,
      "end" : 956,
      "text" : ":",
      "whiteSpace" : false
    }, {
      "id" : "s6-t7",
      "begin" : 957,
      "end" : 964,
      "text" : "Gracias",
      "whiteSpace" : false
    }, {
      "id" : "s6-t8",
      "begin" : 964,
      "end" : 965,
      "text" : ",",
      "whiteSpace" : false
    }, {
      "id" : "s6-t9",
      "begin" : 966,
      "end" : 976,
      "text" : "igualmente",
      "whiteSpace" : false
    } ]
  } ],
  "mentions" : [ {
    "id" : "s1-m1",
    "properties" : {
      "SIRE_MENTION_ROLE" : "Nombre",
      "SIRE_ENTITY_SUBTYPE" : "NONE",
      "SIRE_MENTION_TYPE" : "NONE",
      "SIRE_MENTION_CLASS" : "SPC"
    },
    "type" : "Nombre",
    "begin" : 74,
    "end" : 79,
    "inCoref" : false
  }, {
    "id" : "s3-m1",
    "properties" : {
      "SIRE_MENTION_ROLE" : "Dia_de_nacimiento",
      "SIRE_ENTITY_SUBTYPE" : "NONE",
      "SIRE_MENTION_TYPE" : "NONE",
      "SIRE_MENTION_CLASS" : "SPC"
    },
    "type" : "Dia_de_nacimiento",
    "begin" : 385,
    "end" : 402,
    "inCoref" : false
  }, {
    "id" : "s3-m2",
    "properties" : {
      "SIRE_MENTION_ROLE" : "Mail",
      "SIRE_ENTITY_SUBTYPE" : "NONE",
      "SIRE_MENTION_TYPE" : "NONE",
      "SIRE_MENTION_CLASS" : "SPC"
    },
    "type" : "Mail",
    "begin" : 418,
    "end" : 437,
    "inCoref" : false
  }, {
    "id" : "s4-m1",
    "properties" : {
      "SIRE_MENTION_ROLE" : "Company",
      "SIRE_ENTITY_SUBTYPE" : "NONE",
      "SIRE_MENTION_TYPE" : "NONE",
      "SIRE_MENTION_CLASS" : "SPC"
    },
    "type" : "Company",
    "begin" : 734,
    "end" : 737,
    "inCoref" : false
  } ],
  "relations" : [ ],
  "corefs" : [ ],
  "typeResolved" : true,
  "userResolved" : false
}