{
  "id" : "8bb2d0c0-8623-11e9-a472-f96576696f20-0",
  "name" : "chat1.txt",
  "createdDate" : 0,
  "version" : 3,
  "text" : "Empleado: Hola! Soy Juan. Como puedo ayudarle\r\n\r\nCliente: Me llamo Alex. Quiero cambiar mi plan al plan\r\n\r\nEmpleado: Claro. El numero que quiere cambiar al plan es con el que está llamando\r\n\r\nCliente: Si\r\n\r\nEmpleado: Para propositos de verificacion le haré algunas preguntas, está de acuerdo\r\n\r\nCliente: Esta bien\r\n\r\nEmpleado: Cual es su fecha de nacimiento y su email\r\n\r\nCliente: Mi fecha de nacimiento es 8 de noviembre de 1992 y mi email es alex@gmail.com\r\n\r\nEmpleado:A que plan quiere cambiarse\r\n\r\nCliente: Plan amigo ilimitado\r\n\r\nEmpleado: Cual es el nombre de la compañia donde trabaja y que dia ingreso\r\n\r\nCliente: Trabajo en IBM e ingrese el 9 de abril de 2019\r\n\r\nEmpleado: ok.. He tomado su solicitud de cambio de plan a plan amigo ilimitado. Tendra su plan activado en 3 horas. ¿Hay algo mas en que pueda ayudarle?\r\n\r\nCliente: No, gracias\r\n\r\nEmpleado: Gracias por hablar a Celtel. Que tenga un buen dia\r\n\r\nCliente: Gracias, igualmente",
  "docLength" : 0,
  "language" : "ES",
  "status" : "SUBMITTED",
  "modifiedDate" : 1559582491131,
  "documentSet" : [ ],
  "preannotation" : [ ],
  "sentences" : [ {
    "id" : "s0",
    "begin" : 0,
    "end" : 15,
    "text" : "Empleado: Hola!",
    "tokens" : [ {
      "id" : "s0-t0",
      "begin" : 0,
      "end" : 8,
      "text" : "Empleado",
      "whiteSpace" : false
    }, {
      "id" : "s0-t1",
      "begin" : 8,
      "end" : 9,
      "text" : ":",
      "whiteSpace" : false
    }, {
      "id" : "s0-t2",
      "begin" : 10,
      "end" : 14,
      "text" : "Hola",
      "whiteSpace" : false
    }, {
      "id" : "s0-t3",
      "begin" : 14,
      "end" : 15,
      "text" : "!",
      "whiteSpace" : false
    } ]
  }, {
    "id" : "s1",
    "begin" : 16,
    "end" : 25,
    "text" : "Soy Juan.",
    "tokens" : [ {
      "id" : "s1-t0",
      "begin" : 16,
      "end" : 19,
      "text" : "Soy",
      "whiteSpace" : false
    }, {
      "id" : "s1-t1",
      "begin" : 20,
      "end" : 24,
      "text" : "Juan",
      "whiteSpace" : false
    }, {
      "id" : "s1-t2",
      "begin" : 24,
      "end" : 25,
      "text" : ".",
      "whiteSpace" : false
    } ]
  }, {
    "id" : "s2",
    "begin" : 26,
    "end" : 45,
    "text" : "Como puedo ayudarle",
    "tokens" : [ {
      "id" : "s2-t0",
      "begin" : 26,
      "end" : 30,
      "text" : "Como",
      "whiteSpace" : false
    }, {
      "id" : "s2-t1",
      "begin" : 31,
      "end" : 36,
      "text" : "puedo",
      "whiteSpace" : false
    }, {
      "id" : "s2-t2",
      "begin" : 37,
      "end" : 45,
      "text" : "ayudarle",
      "whiteSpace" : false
    } ]
  }, {
    "id" : "s3",
    "begin" : 49,
    "end" : 72,
    "text" : "Cliente: Me llamo Alex.",
    "tokens" : [ {
      "id" : "s3-t0",
      "begin" : 49,
      "end" : 56,
      "text" : "Cliente",
      "whiteSpace" : false
    }, {
      "id" : "s3-t1",
      "begin" : 56,
      "end" : 57,
      "text" : ":",
      "whiteSpace" : false
    }, {
      "id" : "s3-t2",
      "begin" : 58,
      "end" : 60,
      "text" : "Me",
      "whiteSpace" : false
    }, {
      "id" : "s3-t3",
      "begin" : 61,
      "end" : 66,
      "text" : "llamo",
      "whiteSpace" : false
    }, {
      "id" : "s3-t4",
      "begin" : 67,
      "end" : 71,
      "text" : "Alex",
      "whiteSpace" : false
    }, {
      "id" : "s3-t5",
      "begin" : 71,
      "end" : 72,
      "text" : ".",
      "whiteSpace" : false
    } ]
  }, {
    "id" : "s4",
    "begin" : 73,
    "end" : 103,
    "text" : "Quiero cambiar mi plan al plan",
    "tokens" : [ {
      "id" : "s4-t0",
      "begin" : 73,
      "end" : 79,
      "text" : "Quiero",
      "whiteSpace" : false
    }, {
      "id" : "s4-t1",
      "begin" : 80,
      "end" : 87,
      "text" : "cambiar",
      "whiteSpace" : false
    }, {
      "id" : "s4-t2",
      "begin" : 88,
      "end" : 90,
      "text" : "mi",
      "whiteSpace" : false
    }, {
      "id" : "s4-t3",
      "begin" : 91,
      "end" : 95,
      "text" : "plan",
      "whiteSpace" : false
    }, {
      "id" : "s4-t4",
      "begin" : 96,
      "end" : 98,
      "text" : "al",
      "whiteSpace" : false
    }, {
      "id" : "s4-t5",
      "begin" : 99,
      "end" : 103,
      "text" : "plan",
      "whiteSpace" : false
    } ]
  }, {
    "id" : "s5",
    "begin" : 107,
    "end" : 123,
    "text" : "Empleado: Claro.",
    "tokens" : [ {
      "id" : "s5-t0",
      "begin" : 107,
      "end" : 115,
      "text" : "Empleado",
      "whiteSpace" : false
    }, {
      "id" : "s5-t1",
      "begin" : 115,
      "end" : 116,
      "text" : ":",
      "whiteSpace" : false
    }, {
      "id" : "s5-t2",
      "begin" : 117,
      "end" : 122,
      "text" : "Claro",
      "whiteSpace" : false
    }, {
      "id" : "s5-t3",
      "begin" : 122,
      "end" : 123,
      "text" : ".",
      "whiteSpace" : false
    } ]
  }, {
    "id" : "s6",
    "begin" : 124,
    "end" : 188,
    "text" : "El numero que quiere cambiar al plan es con el que está llamando",
    "tokens" : [ {
      "id" : "s6-t0",
      "begin" : 124,
      "end" : 126,
      "text" : "El",
      "whiteSpace" : false
    }, {
      "id" : "s6-t1",
      "begin" : 127,
      "end" : 133,
      "text" : "numero",
      "whiteSpace" : false
    }, {
      "id" : "s6-t2",
      "begin" : 134,
      "end" : 137,
      "text" : "que",
      "whiteSpace" : false
    }, {
      "id" : "s6-t3",
      "begin" : 138,
      "end" : 144,
      "text" : "quiere",
      "whiteSpace" : false
    }, {
      "id" : "s6-t4",
      "begin" : 145,
      "end" : 152,
      "text" : "cambiar",
      "whiteSpace" : false
    }, {
      "id" : "s6-t5",
      "begin" : 153,
      "end" : 155,
      "text" : "al",
      "whiteSpace" : false
    }, {
      "id" : "s6-t6",
      "begin" : 156,
      "end" : 160,
      "text" : "plan",
      "whiteSpace" : false
    }, {
      "id" : "s6-t7",
      "begin" : 161,
      "end" : 163,
      "text" : "es",
      "whiteSpace" : false
    }, {
      "id" : "s6-t8",
      "begin" : 164,
      "end" : 167,
      "text" : "con",
      "whiteSpace" : false
    }, {
      "id" : "s6-t9",
      "begin" : 168,
      "end" : 170,
      "text" : "el",
      "whiteSpace" : false
    }, {
      "id" : "s6-t10",
      "begin" : 171,
      "end" : 174,
      "text" : "que",
      "whiteSpace" : false
    }, {
      "id" : "s6-t11",
      "begin" : 175,
      "end" : 179,
      "text" : "está",
      "whiteSpace" : false
    }, {
      "id" : "s6-t12",
      "begin" : 180,
      "end" : 188,
      "text" : "llamando",
      "whiteSpace" : false
    } ]
  }, {
    "id" : "s7",
    "begin" : 192,
    "end" : 203,
    "text" : "Cliente: Si",
    "tokens" : [ {
      "id" : "s7-t0",
      "begin" : 192,
      "end" : 199,
      "text" : "Cliente",
      "whiteSpace" : false
    }, {
      "id" : "s7-t1",
      "begin" : 199,
      "end" : 200,
      "text" : ":",
      "whiteSpace" : false
    }, {
      "id" : "s7-t2",
      "begin" : 201,
      "end" : 203,
      "text" : "Si",
      "whiteSpace" : false
    } ]
  }, {
    "id" : "s8",
    "begin" : 207,
    "end" : 291,
    "text" : "Empleado: Para propositos de verificacion le haré algunas preguntas, está de acuerdo",
    "tokens" : [ {
      "id" : "s8-t0",
      "begin" : 207,
      "end" : 215,
      "text" : "Empleado",
      "whiteSpace" : false
    }, {
      "id" : "s8-t1",
      "begin" : 215,
      "end" : 216,
      "text" : ":",
      "whiteSpace" : false
    }, {
      "id" : "s8-t2",
      "begin" : 217,
      "end" : 221,
      "text" : "Para",
      "whiteSpace" : false
    }, {
      "id" : "s8-t3",
      "begin" : 222,
      "end" : 232,
      "text" : "propositos",
      "whiteSpace" : false
    }, {
      "id" : "s8-t4",
      "begin" : 233,
      "end" : 235,
      "text" : "de",
      "whiteSpace" : false
    }, {
      "id" : "s8-t5",
      "begin" : 236,
      "end" : 248,
      "text" : "verificacion",
      "whiteSpace" : false
    }, {
      "id" : "s8-t6",
      "begin" : 249,
      "end" : 251,
      "text" : "le",
      "whiteSpace" : false
    }, {
      "id" : "s8-t7",
      "begin" : 252,
      "end" : 256,
      "text" : "haré",
      "whiteSpace" : false
    }, {
      "id" : "s8-t8",
      "begin" : 257,
      "end" : 264,
      "text" : "algunas",
      "whiteSpace" : false
    }, {
      "id" : "s8-t9",
      "begin" : 265,
      "end" : 274,
      "text" : "preguntas",
      "whiteSpace" : false
    }, {
      "id" : "s8-t10",
      "begin" : 274,
      "end" : 275,
      "text" : ",",
      "whiteSpace" : false
    }, {
      "id" : "s8-t11",
      "begin" : 276,
      "end" : 280,
      "text" : "está",
      "whiteSpace" : false
    }, {
      "id" : "s8-t12",
      "begin" : 281,
      "end" : 283,
      "text" : "de",
      "whiteSpace" : false
    }, {
      "id" : "s8-t13",
      "begin" : 284,
      "end" : 291,
      "text" : "acuerdo",
      "whiteSpace" : false
    } ]
  }, {
    "id" : "s9",
    "begin" : 295,
    "end" : 313,
    "text" : "Cliente: Esta bien",
    "tokens" : [ {
      "id" : "s9-t0",
      "begin" : 295,
      "end" : 302,
      "text" : "Cliente",
      "whiteSpace" : false
    }, {
      "id" : "s9-t1",
      "begin" : 302,
      "end" : 303,
      "text" : ":",
      "whiteSpace" : false
    }, {
      "id" : "s9-t2",
      "begin" : 304,
      "end" : 308,
      "text" : "Esta",
      "whiteSpace" : false
    }, {
      "id" : "s9-t3",
      "begin" : 309,
      "end" : 313,
      "text" : "bien",
      "whiteSpace" : false
    } ]
  }, {
    "id" : "s10",
    "begin" : 317,
    "end" : 368,
    "text" : "Empleado: Cual es su fecha de nacimiento y su email",
    "tokens" : [ {
      "id" : "s10-t0",
      "begin" : 317,
      "end" : 325,
      "text" : "Empleado",
      "whiteSpace" : false
    }, {
      "id" : "s10-t1",
      "begin" : 325,
      "end" : 326,
      "text" : ":",
      "whiteSpace" : false
    }, {
      "id" : "s10-t2",
      "begin" : 327,
      "end" : 331,
      "text" : "Cual",
      "whiteSpace" : false
    }, {
      "id" : "s10-t3",
      "begin" : 332,
      "end" : 334,
      "text" : "es",
      "whiteSpace" : false
    }, {
      "id" : "s10-t4",
      "begin" : 335,
      "end" : 337,
      "text" : "su",
      "whiteSpace" : false
    }, {
      "id" : "s10-t5",
      "begin" : 338,
      "end" : 343,
      "text" : "fecha",
      "whiteSpace" : false
    }, {
      "id" : "s10-t6",
      "begin" : 344,
      "end" : 346,
      "text" : "de",
      "whiteSpace" : false
    }, {
      "id" : "s10-t7",
      "begin" : 347,
      "end" : 357,
      "text" : "nacimiento",
      "whiteSpace" : false
    }, {
      "id" : "s10-t8",
      "begin" : 358,
      "end" : 359,
      "text" : "y",
      "whiteSpace" : false
    }, {
      "id" : "s10-t9",
      "begin" : 360,
      "end" : 362,
      "text" : "su",
      "whiteSpace" : false
    }, {
      "id" : "s10-t10",
      "begin" : 363,
      "end" : 368,
      "text" : "email",
      "whiteSpace" : false
    } ]
  }, {
    "id" : "s11",
    "begin" : 372,
    "end" : 458,
    "text" : "Cliente: Mi fecha de nacimiento es 8 de noviembre de 1992 y mi email es alex@gmail.com",
    "tokens" : [ {
      "id" : "s11-t0",
      "begin" : 372,
      "end" : 379,
      "text" : "Cliente",
      "whiteSpace" : false
    }, {
      "id" : "s11-t1",
      "begin" : 379,
      "end" : 380,
      "text" : ":",
      "whiteSpace" : false
    }, {
      "id" : "s11-t2",
      "begin" : 381,
      "end" : 383,
      "text" : "Mi",
      "whiteSpace" : false
    }, {
      "id" : "s11-t3",
      "begin" : 384,
      "end" : 389,
      "text" : "fecha",
      "whiteSpace" : false
    }, {
      "id" : "s11-t4",
      "begin" : 390,
      "end" : 392,
      "text" : "de",
      "whiteSpace" : false
    }, {
      "id" : "s11-t5",
      "begin" : 393,
      "end" : 403,
      "text" : "nacimiento",
      "whiteSpace" : false
    }, {
      "id" : "s11-t6",
      "begin" : 404,
      "end" : 406,
      "text" : "es",
      "whiteSpace" : false
    }, {
      "id" : "s11-t7",
      "begin" : 407,
      "end" : 408,
      "text" : "8",
      "whiteSpace" : false
    }, {
      "id" : "s11-t8",
      "begin" : 409,
      "end" : 411,
      "text" : "de",
      "whiteSpace" : false
    }, {
      "id" : "s11-t9",
      "begin" : 412,
      "end" : 421,
      "text" : "noviembre",
      "whiteSpace" : false
    }, {
      "id" : "s11-t10",
      "begin" : 422,
      "end" : 424,
      "text" : "de",
      "whiteSpace" : false
    }, {
      "id" : "s11-t11",
      "begin" : 425,
      "end" : 429,
      "text" : "1992",
      "whiteSpace" : false
    }, {
      "id" : "s11-t12",
      "begin" : 430,
      "end" : 431,
      "text" : "y",
      "whiteSpace" : false
    }, {
      "id" : "s11-t13",
      "begin" : 432,
      "end" : 434,
      "text" : "mi",
      "whiteSpace" : false
    }, {
      "id" : "s11-t14",
      "begin" : 435,
      "end" : 440,
      "text" : "email",
      "whiteSpace" : false
    }, {
      "id" : "s11-t15",
      "begin" : 441,
      "end" : 443,
      "text" : "es",
      "whiteSpace" : false
    }, {
      "id" : "s11-t16",
      "begin" : 444,
      "end" : 458,
      "text" : "alex@gmail.com",
      "whiteSpace" : false
    } ]
  }, {
    "id" : "s12",
    "begin" : 462,
    "end" : 498,
    "text" : "Empleado:A que plan quiere cambiarse",
    "tokens" : [ {
      "id" : "s12-t0",
      "begin" : 462,
      "end" : 470,
      "text" : "Empleado",
      "whiteSpace" : false
    }, {
      "id" : "s12-t1",
      "begin" : 470,
      "end" : 472,
      "text" : ":A",
      "whiteSpace" : false
    }, {
      "id" : "s12-t2",
      "begin" : 473,
      "end" : 476,
      "text" : "que",
      "whiteSpace" : false
    }, {
      "id" : "s12-t3",
      "begin" : 477,
      "end" : 481,
      "text" : "plan",
      "whiteSpace" : false
    }, {
      "id" : "s12-t4",
      "begin" : 482,
      "end" : 488,
      "text" : "quiere",
      "whiteSpace" : false
    }, {
      "id" : "s12-t5",
      "begin" : 489,
      "end" : 498,
      "text" : "cambiarse",
      "whiteSpace" : false
    } ]
  }, {
    "id" : "s13",
    "begin" : 502,
    "end" : 531,
    "text" : "Cliente: Plan amigo ilimitado",
    "tokens" : [ {
      "id" : "s13-t0",
      "begin" : 502,
      "end" : 509,
      "text" : "Cliente",
      "whiteSpace" : false
    }, {
      "id" : "s13-t1",
      "begin" : 509,
      "end" : 510,
      "text" : ":",
      "whiteSpace" : false
    }, {
      "id" : "s13-t2",
      "begin" : 511,
      "end" : 515,
      "text" : "Plan",
      "whiteSpace" : false
    }, {
      "id" : "s13-t3",
      "begin" : 516,
      "end" : 521,
      "text" : "amigo",
      "whiteSpace" : false
    }, {
      "id" : "s13-t4",
      "begin" : 522,
      "end" : 531,
      "text" : "ilimitado",
      "whiteSpace" : false
    } ]
  }, {
    "id" : "s14",
    "begin" : 535,
    "end" : 609,
    "text" : "Empleado: Cual es el nombre de la compañia donde trabaja y que dia ingreso",
    "tokens" : [ {
      "id" : "s14-t0",
      "begin" : 535,
      "end" : 543,
      "text" : "Empleado",
      "whiteSpace" : false
    }, {
      "id" : "s14-t1",
      "begin" : 543,
      "end" : 544,
      "text" : ":",
      "whiteSpace" : false
    }, {
      "id" : "s14-t2",
      "begin" : 545,
      "end" : 549,
      "text" : "Cual",
      "whiteSpace" : false
    }, {
      "id" : "s14-t3",
      "begin" : 550,
      "end" : 552,
      "text" : "es",
      "whiteSpace" : false
    }, {
      "id" : "s14-t4",
      "begin" : 553,
      "end" : 555,
      "text" : "el",
      "whiteSpace" : false
    }, {
      "id" : "s14-t5",
      "begin" : 556,
      "end" : 562,
      "text" : "nombre",
      "whiteSpace" : false
    }, {
      "id" : "s14-t6",
      "begin" : 563,
      "end" : 565,
      "text" : "de",
      "whiteSpace" : false
    }, {
      "id" : "s14-t7",
      "begin" : 566,
      "end" : 568,
      "text" : "la",
      "whiteSpace" : false
    }, {
      "id" : "s14-t8",
      "begin" : 569,
      "end" : 577,
      "text" : "compañia",
      "whiteSpace" : false
    }, {
      "id" : "s14-t9",
      "begin" : 578,
      "end" : 583,
      "text" : "donde",
      "whiteSpace" : false
    }, {
      "id" : "s14-t10",
      "begin" : 584,
      "end" : 591,
      "text" : "trabaja",
      "whiteSpace" : false
    }, {
      "id" : "s14-t11",
      "begin" : 592,
      "end" : 593,
      "text" : "y",
      "whiteSpace" : false
    }, {
      "id" : "s14-t12",
      "begin" : 594,
      "end" : 597,
      "text" : "que",
      "whiteSpace" : false
    }, {
      "id" : "s14-t13",
      "begin" : 598,
      "end" : 601,
      "text" : "dia",
      "whiteSpace" : false
    }, {
      "id" : "s14-t14",
      "begin" : 602,
      "end" : 609,
      "text" : "ingreso",
      "whiteSpace" : false
    } ]
  }, {
    "id" : "s15",
    "begin" : 613,
    "end" : 668,
    "text" : "Cliente: Trabajo en IBM e ingrese el 9 de abril de 2019",
    "tokens" : [ {
      "id" : "s15-t0",
      "begin" : 613,
      "end" : 620,
      "text" : "Cliente",
      "whiteSpace" : false
    }, {
      "id" : "s15-t1",
      "begin" : 620,
      "end" : 621,
      "text" : ":",
      "whiteSpace" : false
    }, {
      "id" : "s15-t2",
      "begin" : 622,
      "end" : 629,
      "text" : "Trabajo",
      "whiteSpace" : false
    }, {
      "id" : "s15-t3",
      "begin" : 630,
      "end" : 632,
      "text" : "en",
      "whiteSpace" : false
    }, {
      "id" : "s15-t4",
      "begin" : 633,
      "end" : 636,
      "text" : "IBM",
      "whiteSpace" : false
    }, {
      "id" : "s15-t5",
      "begin" : 637,
      "end" : 638,
      "text" : "e",
      "whiteSpace" : false
    }, {
      "id" : "s15-t6",
      "begin" : 639,
      "end" : 646,
      "text" : "ingrese",
      "whiteSpace" : false
    }, {
      "id" : "s15-t7",
      "begin" : 647,
      "end" : 649,
      "text" : "el",
      "whiteSpace" : false
    }, {
      "id" : "s15-t8",
      "begin" : 650,
      "end" : 651,
      "text" : "9",
      "whiteSpace" : false
    }, {
      "id" : "s15-t9",
      "begin" : 652,
      "end" : 654,
      "text" : "de",
      "whiteSpace" : false
    }, {
      "id" : "s15-t10",
      "begin" : 655,
      "end" : 660,
      "text" : "abril",
      "whiteSpace" : false
    }, {
      "id" : "s15-t11",
      "begin" : 661,
      "end" : 663,
      "text" : "de",
      "whiteSpace" : false
    }, {
      "id" : "s15-t12",
      "begin" : 664,
      "end" : 668,
      "text" : "2019",
      "whiteSpace" : false
    } ]
  }, {
    "id" : "s16",
    "begin" : 672,
    "end" : 751,
    "text" : "Empleado: ok.. He tomado su solicitud de cambio de plan a plan amigo ilimitado.",
    "tokens" : [ {
      "id" : "s16-t0",
      "begin" : 672,
      "end" : 680,
      "text" : "Empleado",
      "whiteSpace" : false
    }, {
      "id" : "s16-t1",
      "begin" : 680,
      "end" : 681,
      "text" : ":",
      "whiteSpace" : false
    }, {
      "id" : "s16-t2",
      "begin" : 682,
      "end" : 684,
      "text" : "ok",
      "whiteSpace" : false
    }, {
      "id" : "s16-t3",
      "begin" : 684,
      "end" : 686,
      "text" : "..",
      "whiteSpace" : false
    }, {
      "id" : "s16-t4",
      "begin" : 687,
      "end" : 689,
      "text" : "He",
      "whiteSpace" : false
    }, {
      "id" : "s16-t5",
      "begin" : 690,
      "end" : 696,
      "text" : "tomado",
      "whiteSpace" : false
    }, {
      "id" : "s16-t6",
      "begin" : 697,
      "end" : 699,
      "text" : "su",
      "whiteSpace" : false
    }, {
      "id" : "s16-t7",
      "begin" : 700,
      "end" : 709,
      "text" : "solicitud",
      "whiteSpace" : false
    }, {
      "id" : "s16-t8",
      "begin" : 710,
      "end" : 712,
      "text" : "de",
      "whiteSpace" : false
    }, {
      "id" : "s16-t9",
      "begin" : 713,
      "end" : 719,
      "text" : "cambio",
      "whiteSpace" : false
    }, {
      "id" : "s16-t10",
      "begin" : 720,
      "end" : 722,
      "text" : "de",
      "whiteSpace" : false
    }, {
      "id" : "s16-t11",
      "begin" : 723,
      "end" : 727,
      "text" : "plan",
      "whiteSpace" : false
    }, {
      "id" : "s16-t12",
      "begin" : 728,
      "end" : 729,
      "text" : "a",
      "whiteSpace" : false
    }, {
      "id" : "s16-t13",
      "begin" : 730,
      "end" : 734,
      "text" : "plan",
      "whiteSpace" : false
    }, {
      "id" : "s16-t14",
      "begin" : 735,
      "end" : 740,
      "text" : "amigo",
      "whiteSpace" : false
    }, {
      "id" : "s16-t15",
      "begin" : 741,
      "end" : 750,
      "text" : "ilimitado",
      "whiteSpace" : false
    }, {
      "id" : "s16-t16",
      "begin" : 750,
      "end" : 751,
      "text" : ".",
      "whiteSpace" : false
    } ]
  }, {
    "id" : "s17",
    "begin" : 752,
    "end" : 789,
    "text" : "Tendra su plan activado en 3 horas. ¿",
    "tokens" : [ {
      "id" : "s17-t0",
      "begin" : 752,
      "end" : 758,
      "text" : "Tendra",
      "whiteSpace" : false
    }, {
      "id" : "s17-t1",
      "begin" : 759,
      "end" : 761,
      "text" : "su",
      "whiteSpace" : false
    }, {
      "id" : "s17-t2",
      "begin" : 762,
      "end" : 766,
      "text" : "plan",
      "whiteSpace" : false
    }, {
      "id" : "s17-t3",
      "begin" : 767,
      "end" : 775,
      "text" : "activado",
      "whiteSpace" : false
    }, {
      "id" : "s17-t4",
      "begin" : 776,
      "end" : 778,
      "text" : "en",
      "whiteSpace" : false
    }, {
      "id" : "s17-t5",
      "begin" : 779,
      "end" : 780,
      "text" : "3",
      "whiteSpace" : false
    }, {
      "id" : "s17-t6",
      "begin" : 781,
      "end" : 786,
      "text" : "horas",
      "whiteSpace" : false
    }, {
      "id" : "s17-t7",
      "begin" : 786,
      "end" : 787,
      "text" : ".",
      "whiteSpace" : false
    }, {
      "id" : "s17-t8",
      "begin" : 788,
      "end" : 789,
      "text" : "¿",
      "whiteSpace" : false
    } ]
  }, {
    "id" : "s18",
    "begin" : 789,
    "end" : 824,
    "text" : "Hay algo mas en que pueda ayudarle?",
    "tokens" : [ {
      "id" : "s18-t0",
      "begin" : 789,
      "end" : 792,
      "text" : "Hay",
      "whiteSpace" : false
    }, {
      "id" : "s18-t1",
      "begin" : 793,
      "end" : 797,
      "text" : "algo",
      "whiteSpace" : false
    }, {
      "id" : "s18-t2",
      "begin" : 798,
      "end" : 801,
      "text" : "mas",
      "whiteSpace" : false
    }, {
      "id" : "s18-t3",
      "begin" : 802,
      "end" : 804,
      "text" : "en",
      "whiteSpace" : false
    }, {
      "id" : "s18-t4",
      "begin" : 805,
      "end" : 808,
      "text" : "que",
      "whiteSpace" : false
    }, {
      "id" : "s18-t5",
      "begin" : 809,
      "end" : 814,
      "text" : "pueda",
      "whiteSpace" : false
    }, {
      "id" : "s18-t6",
      "begin" : 815,
      "end" : 823,
      "text" : "ayudarle",
      "whiteSpace" : false
    }, {
      "id" : "s18-t7",
      "begin" : 823,
      "end" : 824,
      "text" : "?",
      "whiteSpace" : false
    } ]
  }, {
    "id" : "s19",
    "begin" : 828,
    "end" : 848,
    "text" : "Cliente: No, gracias",
    "tokens" : [ {
      "id" : "s19-t0",
      "begin" : 828,
      "end" : 835,
      "text" : "Cliente",
      "whiteSpace" : false
    }, {
      "id" : "s19-t1",
      "begin" : 835,
      "end" : 836,
      "text" : ":",
      "whiteSpace" : false
    }, {
      "id" : "s19-t2",
      "begin" : 837,
      "end" : 839,
      "text" : "No",
      "whiteSpace" : false
    }, {
      "id" : "s19-t3",
      "begin" : 839,
      "end" : 840,
      "text" : ",",
      "whiteSpace" : false
    }, {
      "id" : "s19-t4",
      "begin" : 841,
      "end" : 848,
      "text" : "gracias",
      "whiteSpace" : false
    } ]
  }, {
    "id" : "s20",
    "begin" : 852,
    "end" : 890,
    "text" : "Empleado: Gracias por hablar a Celtel.",
    "tokens" : [ {
      "id" : "s20-t0",
      "begin" : 852,
      "end" : 860,
      "text" : "Empleado",
      "whiteSpace" : false
    }, {
      "id" : "s20-t1",
      "begin" : 860,
      "end" : 861,
      "text" : ":",
      "whiteSpace" : false
    }, {
      "id" : "s20-t2",
      "begin" : 862,
      "end" : 869,
      "text" : "Gracias",
      "whiteSpace" : false
    }, {
      "id" : "s20-t3",
      "begin" : 870,
      "end" : 873,
      "text" : "por",
      "whiteSpace" : false
    }, {
      "id" : "s20-t4",
      "begin" : 874,
      "end" : 880,
      "text" : "hablar",
      "whiteSpace" : false
    }, {
      "id" : "s20-t5",
      "begin" : 881,
      "end" : 882,
      "text" : "a",
      "whiteSpace" : false
    }, {
      "id" : "s20-t6",
      "begin" : 883,
      "end" : 889,
      "text" : "Celtel",
      "whiteSpace" : false
    }, {
      "id" : "s20-t7",
      "begin" : 889,
      "end" : 890,
      "text" : ".",
      "whiteSpace" : false
    } ]
  }, {
    "id" : "s21",
    "begin" : 891,
    "end" : 912,
    "text" : "Que tenga un buen dia",
    "tokens" : [ {
      "id" : "s21-t0",
      "begin" : 891,
      "end" : 894,
      "text" : "Que",
      "whiteSpace" : false
    }, {
      "id" : "s21-t1",
      "begin" : 895,
      "end" : 900,
      "text" : "tenga",
      "whiteSpace" : false
    }, {
      "id" : "s21-t2",
      "begin" : 901,
      "end" : 903,
      "text" : "un",
      "whiteSpace" : false
    }, {
      "id" : "s21-t3",
      "begin" : 904,
      "end" : 908,
      "text" : "buen",
      "whiteSpace" : false
    }, {
      "id" : "s21-t4",
      "begin" : 909,
      "end" : 912,
      "text" : "dia",
      "whiteSpace" : false
    } ]
  }, {
    "id" : "s22",
    "begin" : 916,
    "end" : 944,
    "text" : "Cliente: Gracias, igualmente",
    "tokens" : [ {
      "id" : "s22-t0",
      "begin" : 916,
      "end" : 923,
      "text" : "Cliente",
      "whiteSpace" : false
    }, {
      "id" : "s22-t1",
      "begin" : 923,
      "end" : 924,
      "text" : ":",
      "whiteSpace" : false
    }, {
      "id" : "s22-t2",
      "begin" : 925,
      "end" : 932,
      "text" : "Gracias",
      "whiteSpace" : false
    }, {
      "id" : "s22-t3",
      "begin" : 932,
      "end" : 933,
      "text" : ",",
      "whiteSpace" : false
    }, {
      "id" : "s22-t4",
      "begin" : 934,
      "end" : 944,
      "text" : "igualmente",
      "whiteSpace" : false
    } ]
  } ],
  "mentions" : [ {
    "id" : "s3-m1",
    "properties" : {
      "SIRE_MENTION_ROLE" : "Nombre",
      "SIRE_ENTITY_SUBTYPE" : "NONE",
      "SIRE_MENTION_TYPE" : "NONE",
      "SIRE_MENTION_CLASS" : "SPC"
    },
    "type" : "Nombre",
    "begin" : 67,
    "end" : 71,
    "inCoref" : false
  }, {
    "id" : "s11-m1",
    "properties" : {
      "SIRE_MENTION_ROLE" : "Mail",
      "SIRE_ENTITY_SUBTYPE" : "NONE",
      "SIRE_MENTION_TYPE" : "NONE",
      "SIRE_MENTION_CLASS" : "SPC"
    },
    "type" : "Mail",
    "begin" : 444,
    "end" : 458,
    "inCoref" : false
  }, {
    "id" : "s15-m1",
    "properties" : {
      "SIRE_MENTION_ROLE" : "Company",
      "SIRE_ENTITY_SUBTYPE" : "NONE",
      "SIRE_MENTION_TYPE" : "NONE",
      "SIRE_MENTION_CLASS" : "SPC"
    },
    "type" : "Company",
    "begin" : 633,
    "end" : 636,
    "inCoref" : false
  }, {
    "id" : "s15-m2",
    "properties" : {
      "SIRE_MENTION_ROLE" : "Dia_de_ingreso",
      "SIRE_ENTITY_SUBTYPE" : "NONE",
      "SIRE_MENTION_TYPE" : "NONE",
      "SIRE_MENTION_CLASS" : "SPC"
    },
    "type" : "Dia_de_ingreso",
    "begin" : 650,
    "end" : 668,
    "inCoref" : false
  } ],
  "relations" : [ ],
  "corefs" : [ ],
  "typeResolved" : true,
  "userResolved" : false
}