{
  "id" : "8bb2d0c0-8623-11e9-a472-f96576696f20-9",
  "name" : "Texto10.txt",
  "createdDate" : 0,
  "version" : 3,
  "text" : "Empleado: Gracias por llamar a Celtel. Habla Mónica. ¿Cómo puedo ayudarle\nCliente: Quiero migrar a un proveedor de servicios diferentes.\nCliente: Sentimos escuchar eso Señor, pero ¿por qué desea Migrar?\nCliente: la señal es mala y el servicio es patético\nEmpleado: la señal es mala en alguna ubicación específica o en todas partes Señor?\nCliente: Es malo en mi casa\nEmpleado: ¿puede un representante visitar su hogar para comprobar cuál es el problema?\nCliente: Si\nEmpleado: para la verificación puede hacerme saber su nombre, ID de correo electrónico y la fecha de nacimiento\nCliente: mi nombre es Abdul, mi ID de correo electrónico es adbul@hotmail.com y los datos de nacimiento es 9 de marzo de 1988\nEmpleado: gracias, puede confirmar su dirección de casa por favor?\nCliente: mi domicilio es #35, 5º corss, 2º principal, Kalyan Nagar, Bengaluru-560043\nEmpleado: un represetante le llamará y visitará su hogar para comprobar los problemas de la señal y abordar su queja\nCliente: espero que el problema se resuelva\nEmpleado: vamos a hacer nuestro mejor esfuerzo señor\nCliente: Gracios\nEmpleado: ¿hay algo más en lo que yo pueda ayudarle?\\nCliente: No\nEmpleado: Gracias por llamar y que tenga un buen día señor\n",
  "docLength" : 0,
  "language" : "ES",
  "status" : "SUBMITTED",
  "modifiedDate" : 1559582867416,
  "documentSet" : [ ],
  "preannotation" : [ ],
  "sentences" : [ {
    "id" : "s0",
    "begin" : 0,
    "end" : 38,
    "text" : "Empleado: Gracias por llamar a Celtel.",
    "tokens" : [ {
      "id" : "s0-t0",
      "begin" : 0,
      "end" : 8,
      "text" : "Empleado",
      "whiteSpace" : false
    }, {
      "id" : "s0-t1",
      "begin" : 8,
      "end" : 9,
      "text" : ":",
      "whiteSpace" : false
    }, {
      "id" : "s0-t2",
      "begin" : 10,
      "end" : 17,
      "text" : "Gracias",
      "whiteSpace" : false
    }, {
      "id" : "s0-t3",
      "begin" : 18,
      "end" : 21,
      "text" : "por",
      "whiteSpace" : false
    }, {
      "id" : "s0-t4",
      "begin" : 22,
      "end" : 28,
      "text" : "llamar",
      "whiteSpace" : false
    }, {
      "id" : "s0-t5",
      "begin" : 29,
      "end" : 30,
      "text" : "a",
      "whiteSpace" : false
    }, {
      "id" : "s0-t6",
      "begin" : 31,
      "end" : 37,
      "text" : "Celtel",
      "whiteSpace" : false
    }, {
      "id" : "s0-t7",
      "begin" : 37,
      "end" : 38,
      "text" : ".",
      "whiteSpace" : false
    } ]
  }, {
    "id" : "s1",
    "begin" : 39,
    "end" : 54,
    "text" : "Habla Mónica. ¿",
    "tokens" : [ {
      "id" : "s1-t0",
      "begin" : 39,
      "end" : 44,
      "text" : "Habla",
      "whiteSpace" : false
    }, {
      "id" : "s1-t1",
      "begin" : 45,
      "end" : 51,
      "text" : "Mónica",
      "whiteSpace" : false
    }, {
      "id" : "s1-t2",
      "begin" : 51,
      "end" : 52,
      "text" : ".",
      "whiteSpace" : false
    }, {
      "id" : "s1-t3",
      "begin" : 53,
      "end" : 54,
      "text" : "¿",
      "whiteSpace" : false
    } ]
  }, {
    "id" : "s2",
    "begin" : 54,
    "end" : 136,
    "text" : "Cómo puedo ayudarle\nCliente: Quiero migrar a un proveedor de servicios diferentes.",
    "tokens" : [ {
      "id" : "s2-t0",
      "begin" : 54,
      "end" : 58,
      "text" : "Cómo",
      "whiteSpace" : false
    }, {
      "id" : "s2-t1",
      "begin" : 59,
      "end" : 64,
      "text" : "puedo",
      "whiteSpace" : false
    }, {
      "id" : "s2-t2",
      "begin" : 65,
      "end" : 73,
      "text" : "ayudarle",
      "whiteSpace" : false
    }, {
      "id" : "s2-t3",
      "begin" : 74,
      "end" : 81,
      "text" : "Cliente",
      "whiteSpace" : false
    }, {
      "id" : "s2-t4",
      "begin" : 81,
      "end" : 82,
      "text" : ":",
      "whiteSpace" : false
    }, {
      "id" : "s2-t5",
      "begin" : 83,
      "end" : 89,
      "text" : "Quiero",
      "whiteSpace" : false
    }, {
      "id" : "s2-t6",
      "begin" : 90,
      "end" : 96,
      "text" : "migrar",
      "whiteSpace" : false
    }, {
      "id" : "s2-t7",
      "begin" : 97,
      "end" : 98,
      "text" : "a",
      "whiteSpace" : false
    }, {
      "id" : "s2-t8",
      "begin" : 99,
      "end" : 101,
      "text" : "un",
      "whiteSpace" : false
    }, {
      "id" : "s2-t9",
      "begin" : 102,
      "end" : 111,
      "text" : "proveedor",
      "whiteSpace" : false
    }, {
      "id" : "s2-t10",
      "begin" : 112,
      "end" : 114,
      "text" : "de",
      "whiteSpace" : false
    }, {
      "id" : "s2-t11",
      "begin" : 115,
      "end" : 124,
      "text" : "servicios",
      "whiteSpace" : false
    }, {
      "id" : "s2-t12",
      "begin" : 125,
      "end" : 135,
      "text" : "diferentes",
      "whiteSpace" : false
    }, {
      "id" : "s2-t13",
      "begin" : 135,
      "end" : 136,
      "text" : ".",
      "whiteSpace" : false
    } ]
  }, {
    "id" : "s3",
    "begin" : 137,
    "end" : 181,
    "text" : "Cliente: Sentimos escuchar eso Señor, pero ¿",
    "tokens" : [ {
      "id" : "s3-t0",
      "begin" : 137,
      "end" : 144,
      "text" : "Cliente",
      "whiteSpace" : false
    }, {
      "id" : "s3-t1",
      "begin" : 144,
      "end" : 145,
      "text" : ":",
      "whiteSpace" : false
    }, {
      "id" : "s3-t2",
      "begin" : 146,
      "end" : 154,
      "text" : "Sentimos",
      "whiteSpace" : false
    }, {
      "id" : "s3-t3",
      "begin" : 155,
      "end" : 163,
      "text" : "escuchar",
      "whiteSpace" : false
    }, {
      "id" : "s3-t4",
      "begin" : 164,
      "end" : 167,
      "text" : "eso",
      "whiteSpace" : false
    }, {
      "id" : "s3-t5",
      "begin" : 168,
      "end" : 173,
      "text" : "Señor",
      "whiteSpace" : false
    }, {
      "id" : "s3-t6",
      "begin" : 173,
      "end" : 174,
      "text" : ",",
      "whiteSpace" : false
    }, {
      "id" : "s3-t7",
      "begin" : 175,
      "end" : 179,
      "text" : "pero",
      "whiteSpace" : false
    }, {
      "id" : "s3-t8",
      "begin" : 180,
      "end" : 181,
      "text" : "¿",
      "whiteSpace" : false
    } ]
  }, {
    "id" : "s4",
    "begin" : 181,
    "end" : 202,
    "text" : "por qué desea Migrar?",
    "tokens" : [ {
      "id" : "s4-t0",
      "begin" : 181,
      "end" : 184,
      "text" : "por",
      "whiteSpace" : false
    }, {
      "id" : "s4-t1",
      "begin" : 185,
      "end" : 188,
      "text" : "qué",
      "whiteSpace" : false
    }, {
      "id" : "s4-t2",
      "begin" : 189,
      "end" : 194,
      "text" : "desea",
      "whiteSpace" : false
    }, {
      "id" : "s4-t3",
      "begin" : 195,
      "end" : 201,
      "text" : "Migrar",
      "whiteSpace" : false
    }, {
      "id" : "s4-t4",
      "begin" : 201,
      "end" : 202,
      "text" : "?",
      "whiteSpace" : false
    } ]
  }, {
    "id" : "s5",
    "begin" : 203,
    "end" : 337,
    "text" : "Cliente: la señal es mala y el servicio es patético\nEmpleado: la señal es mala en alguna ubicación específica o en todas partes Señor?",
    "tokens" : [ {
      "id" : "s5-t0",
      "begin" : 203,
      "end" : 210,
      "text" : "Cliente",
      "whiteSpace" : false
    }, {
      "id" : "s5-t1",
      "begin" : 210,
      "end" : 211,
      "text" : ":",
      "whiteSpace" : false
    }, {
      "id" : "s5-t2",
      "begin" : 212,
      "end" : 214,
      "text" : "la",
      "whiteSpace" : false
    }, {
      "id" : "s5-t3",
      "begin" : 215,
      "end" : 220,
      "text" : "señal",
      "whiteSpace" : false
    }, {
      "id" : "s5-t4",
      "begin" : 221,
      "end" : 223,
      "text" : "es",
      "whiteSpace" : false
    }, {
      "id" : "s5-t5",
      "begin" : 224,
      "end" : 228,
      "text" : "mala",
      "whiteSpace" : false
    }, {
      "id" : "s5-t6",
      "begin" : 229,
      "end" : 230,
      "text" : "y",
      "whiteSpace" : false
    }, {
      "id" : "s5-t7",
      "begin" : 231,
      "end" : 233,
      "text" : "el",
      "whiteSpace" : false
    }, {
      "id" : "s5-t8",
      "begin" : 234,
      "end" : 242,
      "text" : "servicio",
      "whiteSpace" : false
    }, {
      "id" : "s5-t9",
      "begin" : 243,
      "end" : 245,
      "text" : "es",
      "whiteSpace" : false
    }, {
      "id" : "s5-t10",
      "begin" : 246,
      "end" : 254,
      "text" : "patético",
      "whiteSpace" : false
    }, {
      "id" : "s5-t11",
      "begin" : 255,
      "end" : 263,
      "text" : "Empleado",
      "whiteSpace" : false
    }, {
      "id" : "s5-t12",
      "begin" : 263,
      "end" : 264,
      "text" : ":",
      "whiteSpace" : false
    }, {
      "id" : "s5-t13",
      "begin" : 265,
      "end" : 267,
      "text" : "la",
      "whiteSpace" : false
    }, {
      "id" : "s5-t14",
      "begin" : 268,
      "end" : 273,
      "text" : "señal",
      "whiteSpace" : false
    }, {
      "id" : "s5-t15",
      "begin" : 274,
      "end" : 276,
      "text" : "es",
      "whiteSpace" : false
    }, {
      "id" : "s5-t16",
      "begin" : 277,
      "end" : 281,
      "text" : "mala",
      "whiteSpace" : false
    }, {
      "id" : "s5-t17",
      "begin" : 282,
      "end" : 284,
      "text" : "en",
      "whiteSpace" : false
    }, {
      "id" : "s5-t18",
      "begin" : 285,
      "end" : 291,
      "text" : "alguna",
      "whiteSpace" : false
    }, {
      "id" : "s5-t19",
      "begin" : 292,
      "end" : 301,
      "text" : "ubicación",
      "whiteSpace" : false
    }, {
      "id" : "s5-t20",
      "begin" : 302,
      "end" : 312,
      "text" : "específica",
      "whiteSpace" : false
    }, {
      "id" : "s5-t21",
      "begin" : 313,
      "end" : 314,
      "text" : "o",
      "whiteSpace" : false
    }, {
      "id" : "s5-t22",
      "begin" : 315,
      "end" : 317,
      "text" : "en",
      "whiteSpace" : false
    }, {
      "id" : "s5-t23",
      "begin" : 318,
      "end" : 323,
      "text" : "todas",
      "whiteSpace" : false
    }, {
      "id" : "s5-t24",
      "begin" : 324,
      "end" : 330,
      "text" : "partes",
      "whiteSpace" : false
    }, {
      "id" : "s5-t25",
      "begin" : 331,
      "end" : 336,
      "text" : "Señor",
      "whiteSpace" : false
    }, {
      "id" : "s5-t26",
      "begin" : 336,
      "end" : 337,
      "text" : "?",
      "whiteSpace" : false
    } ]
  }, {
    "id" : "s6",
    "begin" : 338,
    "end" : 377,
    "text" : "Cliente: Es malo en mi casa\nEmpleado: ¿",
    "tokens" : [ {
      "id" : "s6-t0",
      "begin" : 338,
      "end" : 345,
      "text" : "Cliente",
      "whiteSpace" : false
    }, {
      "id" : "s6-t1",
      "begin" : 345,
      "end" : 346,
      "text" : ":",
      "whiteSpace" : false
    }, {
      "id" : "s6-t2",
      "begin" : 347,
      "end" : 349,
      "text" : "Es",
      "whiteSpace" : false
    }, {
      "id" : "s6-t3",
      "begin" : 350,
      "end" : 354,
      "text" : "malo",
      "whiteSpace" : false
    }, {
      "id" : "s6-t4",
      "begin" : 355,
      "end" : 357,
      "text" : "en",
      "whiteSpace" : false
    }, {
      "id" : "s6-t5",
      "begin" : 358,
      "end" : 360,
      "text" : "mi",
      "whiteSpace" : false
    }, {
      "id" : "s6-t6",
      "begin" : 361,
      "end" : 365,
      "text" : "casa",
      "whiteSpace" : false
    }, {
      "id" : "s6-t7",
      "begin" : 366,
      "end" : 374,
      "text" : "Empleado",
      "whiteSpace" : false
    }, {
      "id" : "s6-t8",
      "begin" : 374,
      "end" : 375,
      "text" : ":",
      "whiteSpace" : false
    }, {
      "id" : "s6-t9",
      "begin" : 376,
      "end" : 377,
      "text" : "¿",
      "whiteSpace" : false
    } ]
  }, {
    "id" : "s7",
    "begin" : 377,
    "end" : 452,
    "text" : "puede un representante visitar su hogar para comprobar cuál es el problema?",
    "tokens" : [ {
      "id" : "s7-t0",
      "begin" : 377,
      "end" : 382,
      "text" : "puede",
      "whiteSpace" : false
    }, {
      "id" : "s7-t1",
      "begin" : 383,
      "end" : 385,
      "text" : "un",
      "whiteSpace" : false
    }, {
      "id" : "s7-t2",
      "begin" : 386,
      "end" : 399,
      "text" : "representante",
      "whiteSpace" : false
    }, {
      "id" : "s7-t3",
      "begin" : 400,
      "end" : 407,
      "text" : "visitar",
      "whiteSpace" : false
    }, {
      "id" : "s7-t4",
      "begin" : 408,
      "end" : 410,
      "text" : "su",
      "whiteSpace" : false
    }, {
      "id" : "s7-t5",
      "begin" : 411,
      "end" : 416,
      "text" : "hogar",
      "whiteSpace" : false
    }, {
      "id" : "s7-t6",
      "begin" : 417,
      "end" : 421,
      "text" : "para",
      "whiteSpace" : false
    }, {
      "id" : "s7-t7",
      "begin" : 422,
      "end" : 431,
      "text" : "comprobar",
      "whiteSpace" : false
    }, {
      "id" : "s7-t8",
      "begin" : 432,
      "end" : 436,
      "text" : "cuál",
      "whiteSpace" : false
    }, {
      "id" : "s7-t9",
      "begin" : 437,
      "end" : 439,
      "text" : "es",
      "whiteSpace" : false
    }, {
      "id" : "s7-t10",
      "begin" : 440,
      "end" : 442,
      "text" : "el",
      "whiteSpace" : false
    }, {
      "id" : "s7-t11",
      "begin" : 443,
      "end" : 451,
      "text" : "problema",
      "whiteSpace" : false
    }, {
      "id" : "s7-t12",
      "begin" : 451,
      "end" : 452,
      "text" : "?",
      "whiteSpace" : false
    } ]
  }, {
    "id" : "s8",
    "begin" : 453,
    "end" : 769,
    "text" : "Cliente: Si\nEmpleado: para la verificación puede hacerme saber su nombre, ID de correo electrónico y la fecha de nacimiento\nCliente: mi nombre es Abdul, mi ID de correo electrónico es adbul@hotmail.com y los datos de nacimiento es 9 de marzo de 1988\nEmpleado: gracias, puede confirmar su dirección de casa por favor?",
    "tokens" : [ {
      "id" : "s8-t0",
      "begin" : 453,
      "end" : 460,
      "text" : "Cliente",
      "whiteSpace" : false
    }, {
      "id" : "s8-t1",
      "begin" : 460,
      "end" : 461,
      "text" : ":",
      "whiteSpace" : false
    }, {
      "id" : "s8-t2",
      "begin" : 462,
      "end" : 464,
      "text" : "Si",
      "whiteSpace" : false
    }, {
      "id" : "s8-t3",
      "begin" : 465,
      "end" : 473,
      "text" : "Empleado",
      "whiteSpace" : false
    }, {
      "id" : "s8-t4",
      "begin" : 473,
      "end" : 474,
      "text" : ":",
      "whiteSpace" : false
    }, {
      "id" : "s8-t5",
      "begin" : 475,
      "end" : 479,
      "text" : "para",
      "whiteSpace" : false
    }, {
      "id" : "s8-t6",
      "begin" : 480,
      "end" : 482,
      "text" : "la",
      "whiteSpace" : false
    }, {
      "id" : "s8-t7",
      "begin" : 483,
      "end" : 495,
      "text" : "verificación",
      "whiteSpace" : false
    }, {
      "id" : "s8-t8",
      "begin" : 496,
      "end" : 501,
      "text" : "puede",
      "whiteSpace" : false
    }, {
      "id" : "s8-t9",
      "begin" : 502,
      "end" : 509,
      "text" : "hacerme",
      "whiteSpace" : false
    }, {
      "id" : "s8-t10",
      "begin" : 510,
      "end" : 515,
      "text" : "saber",
      "whiteSpace" : false
    }, {
      "id" : "s8-t11",
      "begin" : 516,
      "end" : 518,
      "text" : "su",
      "whiteSpace" : false
    }, {
      "id" : "s8-t12",
      "begin" : 519,
      "end" : 525,
      "text" : "nombre",
      "whiteSpace" : false
    }, {
      "id" : "s8-t13",
      "begin" : 525,
      "end" : 526,
      "text" : ",",
      "whiteSpace" : false
    }, {
      "id" : "s8-t14",
      "begin" : 527,
      "end" : 529,
      "text" : "ID",
      "whiteSpace" : false
    }, {
      "id" : "s8-t15",
      "begin" : 530,
      "end" : 532,
      "text" : "de",
      "whiteSpace" : false
    }, {
      "id" : "s8-t16",
      "begin" : 533,
      "end" : 539,
      "text" : "correo",
      "whiteSpace" : false
    }, {
      "id" : "s8-t17",
      "begin" : 540,
      "end" : 551,
      "text" : "electrónico",
      "whiteSpace" : false
    }, {
      "id" : "s8-t18",
      "begin" : 552,
      "end" : 553,
      "text" : "y",
      "whiteSpace" : false
    }, {
      "id" : "s8-t19",
      "begin" : 554,
      "end" : 556,
      "text" : "la",
      "whiteSpace" : false
    }, {
      "id" : "s8-t20",
      "begin" : 557,
      "end" : 562,
      "text" : "fecha",
      "whiteSpace" : false
    }, {
      "id" : "s8-t21",
      "begin" : 563,
      "end" : 565,
      "text" : "de",
      "whiteSpace" : false
    }, {
      "id" : "s8-t22",
      "begin" : 566,
      "end" : 576,
      "text" : "nacimiento",
      "whiteSpace" : false
    }, {
      "id" : "s8-t23",
      "begin" : 577,
      "end" : 584,
      "text" : "Cliente",
      "whiteSpace" : false
    }, {
      "id" : "s8-t24",
      "begin" : 584,
      "end" : 585,
      "text" : ":",
      "whiteSpace" : false
    }, {
      "id" : "s8-t25",
      "begin" : 586,
      "end" : 588,
      "text" : "mi",
      "whiteSpace" : false
    }, {
      "id" : "s8-t26",
      "begin" : 589,
      "end" : 595,
      "text" : "nombre",
      "whiteSpace" : false
    }, {
      "id" : "s8-t27",
      "begin" : 596,
      "end" : 598,
      "text" : "es",
      "whiteSpace" : false
    }, {
      "id" : "s8-t28",
      "begin" : 599,
      "end" : 604,
      "text" : "Abdul",
      "whiteSpace" : false
    }, {
      "id" : "s8-t29",
      "begin" : 604,
      "end" : 605,
      "text" : ",",
      "whiteSpace" : false
    }, {
      "id" : "s8-t30",
      "begin" : 606,
      "end" : 608,
      "text" : "mi",
      "whiteSpace" : false
    }, {
      "id" : "s8-t31",
      "begin" : 609,
      "end" : 611,
      "text" : "ID",
      "whiteSpace" : false
    }, {
      "id" : "s8-t32",
      "begin" : 612,
      "end" : 614,
      "text" : "de",
      "whiteSpace" : false
    }, {
      "id" : "s8-t33",
      "begin" : 615,
      "end" : 621,
      "text" : "correo",
      "whiteSpace" : false
    }, {
      "id" : "s8-t34",
      "begin" : 622,
      "end" : 633,
      "text" : "electrónico",
      "whiteSpace" : false
    }, {
      "id" : "s8-t35",
      "begin" : 634,
      "end" : 636,
      "text" : "es",
      "whiteSpace" : false
    }, {
      "id" : "s8-t36",
      "begin" : 637,
      "end" : 654,
      "text" : "adbul@hotmail.com",
      "whiteSpace" : false
    }, {
      "id" : "s8-t37",
      "begin" : 655,
      "end" : 656,
      "text" : "y",
      "whiteSpace" : false
    }, {
      "id" : "s8-t38",
      "begin" : 657,
      "end" : 660,
      "text" : "los",
      "whiteSpace" : false
    }, {
      "id" : "s8-t39",
      "begin" : 661,
      "end" : 666,
      "text" : "datos",
      "whiteSpace" : false
    }, {
      "id" : "s8-t40",
      "begin" : 667,
      "end" : 669,
      "text" : "de",
      "whiteSpace" : false
    }, {
      "id" : "s8-t41",
      "begin" : 670,
      "end" : 680,
      "text" : "nacimiento",
      "whiteSpace" : false
    }, {
      "id" : "s8-t42",
      "begin" : 681,
      "end" : 683,
      "text" : "es",
      "whiteSpace" : false
    }, {
      "id" : "s8-t43",
      "begin" : 684,
      "end" : 685,
      "text" : "9",
      "whiteSpace" : false
    }, {
      "id" : "s8-t44",
      "begin" : 686,
      "end" : 688,
      "text" : "de",
      "whiteSpace" : false
    }, {
      "id" : "s8-t45",
      "begin" : 689,
      "end" : 694,
      "text" : "marzo",
      "whiteSpace" : false
    }, {
      "id" : "s8-t46",
      "begin" : 695,
      "end" : 697,
      "text" : "de",
      "whiteSpace" : false
    }, {
      "id" : "s8-t47",
      "begin" : 698,
      "end" : 702,
      "text" : "1988",
      "whiteSpace" : false
    }, {
      "id" : "s8-t48",
      "begin" : 703,
      "end" : 711,
      "text" : "Empleado",
      "whiteSpace" : false
    }, {
      "id" : "s8-t49",
      "begin" : 711,
      "end" : 712,
      "text" : ":",
      "whiteSpace" : false
    }, {
      "id" : "s8-t50",
      "begin" : 713,
      "end" : 720,
      "text" : "gracias",
      "whiteSpace" : false
    }, {
      "id" : "s8-t51",
      "begin" : 720,
      "end" : 721,
      "text" : ",",
      "whiteSpace" : false
    }, {
      "id" : "s8-t52",
      "begin" : 722,
      "end" : 727,
      "text" : "puede",
      "whiteSpace" : false
    }, {
      "id" : "s8-t53",
      "begin" : 728,
      "end" : 737,
      "text" : "confirmar",
      "whiteSpace" : false
    }, {
      "id" : "s8-t54",
      "begin" : 738,
      "end" : 740,
      "text" : "su",
      "whiteSpace" : false
    }, {
      "id" : "s8-t55",
      "begin" : 741,
      "end" : 750,
      "text" : "dirección",
      "whiteSpace" : false
    }, {
      "id" : "s8-t56",
      "begin" : 751,
      "end" : 753,
      "text" : "de",
      "whiteSpace" : false
    }, {
      "id" : "s8-t57",
      "begin" : 754,
      "end" : 758,
      "text" : "casa",
      "whiteSpace" : false
    }, {
      "id" : "s8-t58",
      "begin" : 759,
      "end" : 762,
      "text" : "por",
      "whiteSpace" : false
    }, {
      "id" : "s8-t59",
      "begin" : 763,
      "end" : 768,
      "text" : "favor",
      "whiteSpace" : false
    }, {
      "id" : "s8-t60",
      "begin" : 768,
      "end" : 769,
      "text" : "?",
      "whiteSpace" : false
    } ]
  }, {
    "id" : "s9",
    "begin" : 770,
    "end" : 1097,
    "text" : "Cliente: mi domicilio es #35, 5º corss, 2º principal, Kalyan Nagar, Bengaluru-560043\nEmpleado: un represetante le llamará y visitará su hogar para comprobar los problemas de la señal y abordar su queja\nCliente: espero que el problema se resuelva\nEmpleado: vamos a hacer nuestro mejor esfuerzo señor\nCliente: Gracios\nEmpleado: ¿",
    "tokens" : [ {
      "id" : "s9-t0",
      "begin" : 770,
      "end" : 777,
      "text" : "Cliente",
      "whiteSpace" : false
    }, {
      "id" : "s9-t1",
      "begin" : 777,
      "end" : 778,
      "text" : ":",
      "whiteSpace" : false
    }, {
      "id" : "s9-t2",
      "begin" : 779,
      "end" : 781,
      "text" : "mi",
      "whiteSpace" : false
    }, {
      "id" : "s9-t3",
      "begin" : 782,
      "end" : 791,
      "text" : "domicilio",
      "whiteSpace" : false
    }, {
      "id" : "s9-t4",
      "begin" : 792,
      "end" : 794,
      "text" : "es",
      "whiteSpace" : false
    }, {
      "id" : "s9-t5",
      "begin" : 795,
      "end" : 798,
      "text" : "#35",
      "whiteSpace" : false
    }, {
      "id" : "s9-t6",
      "begin" : 798,
      "end" : 799,
      "text" : ",",
      "whiteSpace" : false
    }, {
      "id" : "s9-t7",
      "begin" : 800,
      "end" : 802,
      "text" : "5º",
      "whiteSpace" : false
    }, {
      "id" : "s9-t8",
      "begin" : 803,
      "end" : 808,
      "text" : "corss",
      "whiteSpace" : false
    }, {
      "id" : "s9-t9",
      "begin" : 808,
      "end" : 809,
      "text" : ",",
      "whiteSpace" : false
    }, {
      "id" : "s9-t10",
      "begin" : 810,
      "end" : 812,
      "text" : "2º",
      "whiteSpace" : false
    }, {
      "id" : "s9-t11",
      "begin" : 813,
      "end" : 822,
      "text" : "principal",
      "whiteSpace" : false
    }, {
      "id" : "s9-t12",
      "begin" : 822,
      "end" : 823,
      "text" : ",",
      "whiteSpace" : false
    }, {
      "id" : "s9-t13",
      "begin" : 824,
      "end" : 830,
      "text" : "Kalyan",
      "whiteSpace" : false
    }, {
      "id" : "s9-t14",
      "begin" : 831,
      "end" : 836,
      "text" : "Nagar",
      "whiteSpace" : false
    }, {
      "id" : "s9-t15",
      "begin" : 836,
      "end" : 837,
      "text" : ",",
      "whiteSpace" : false
    }, {
      "id" : "s9-t16",
      "begin" : 838,
      "end" : 854,
      "text" : "Bengaluru-560043",
      "whiteSpace" : false
    }, {
      "id" : "s9-t17",
      "begin" : 855,
      "end" : 863,
      "text" : "Empleado",
      "whiteSpace" : false
    }, {
      "id" : "s9-t18",
      "begin" : 863,
      "end" : 864,
      "text" : ":",
      "whiteSpace" : false
    }, {
      "id" : "s9-t19",
      "begin" : 865,
      "end" : 867,
      "text" : "un",
      "whiteSpace" : false
    }, {
      "id" : "s9-t20",
      "begin" : 868,
      "end" : 880,
      "text" : "represetante",
      "whiteSpace" : false
    }, {
      "id" : "s9-t21",
      "begin" : 881,
      "end" : 883,
      "text" : "le",
      "whiteSpace" : false
    }, {
      "id" : "s9-t22",
      "begin" : 884,
      "end" : 891,
      "text" : "llamará",
      "whiteSpace" : false
    }, {
      "id" : "s9-t23",
      "begin" : 892,
      "end" : 893,
      "text" : "y",
      "whiteSpace" : false
    }, {
      "id" : "s9-t24",
      "begin" : 894,
      "end" : 902,
      "text" : "visitará",
      "whiteSpace" : false
    }, {
      "id" : "s9-t25",
      "begin" : 903,
      "end" : 905,
      "text" : "su",
      "whiteSpace" : false
    }, {
      "id" : "s9-t26",
      "begin" : 906,
      "end" : 911,
      "text" : "hogar",
      "whiteSpace" : false
    }, {
      "id" : "s9-t27",
      "begin" : 912,
      "end" : 916,
      "text" : "para",
      "whiteSpace" : false
    }, {
      "id" : "s9-t28",
      "begin" : 917,
      "end" : 926,
      "text" : "comprobar",
      "whiteSpace" : false
    }, {
      "id" : "s9-t29",
      "begin" : 927,
      "end" : 930,
      "text" : "los",
      "whiteSpace" : false
    }, {
      "id" : "s9-t30",
      "begin" : 931,
      "end" : 940,
      "text" : "problemas",
      "whiteSpace" : false
    }, {
      "id" : "s9-t31",
      "begin" : 941,
      "end" : 943,
      "text" : "de",
      "whiteSpace" : false
    }, {
      "id" : "s9-t32",
      "begin" : 944,
      "end" : 946,
      "text" : "la",
      "whiteSpace" : false
    }, {
      "id" : "s9-t33",
      "begin" : 947,
      "end" : 952,
      "text" : "señal",
      "whiteSpace" : false
    }, {
      "id" : "s9-t34",
      "begin" : 953,
      "end" : 954,
      "text" : "y",
      "whiteSpace" : false
    }, {
      "id" : "s9-t35",
      "begin" : 955,
      "end" : 962,
      "text" : "abordar",
      "whiteSpace" : false
    }, {
      "id" : "s9-t36",
      "begin" : 963,
      "end" : 965,
      "text" : "su",
      "whiteSpace" : false
    }, {
      "id" : "s9-t37",
      "begin" : 966,
      "end" : 971,
      "text" : "queja",
      "whiteSpace" : false
    }, {
      "id" : "s9-t38",
      "begin" : 972,
      "end" : 979,
      "text" : "Cliente",
      "whiteSpace" : false
    }, {
      "id" : "s9-t39",
      "begin" : 979,
      "end" : 980,
      "text" : ":",
      "whiteSpace" : false
    }, {
      "id" : "s9-t40",
      "begin" : 981,
      "end" : 987,
      "text" : "espero",
      "whiteSpace" : false
    }, {
      "id" : "s9-t41",
      "begin" : 988,
      "end" : 991,
      "text" : "que",
      "whiteSpace" : false
    }, {
      "id" : "s9-t42",
      "begin" : 992,
      "end" : 994,
      "text" : "el",
      "whiteSpace" : false
    }, {
      "id" : "s9-t43",
      "begin" : 995,
      "end" : 1003,
      "text" : "problema",
      "whiteSpace" : false
    }, {
      "id" : "s9-t44",
      "begin" : 1004,
      "end" : 1006,
      "text" : "se",
      "whiteSpace" : false
    }, {
      "id" : "s9-t45",
      "begin" : 1007,
      "end" : 1015,
      "text" : "resuelva",
      "whiteSpace" : false
    }, {
      "id" : "s9-t46",
      "begin" : 1016,
      "end" : 1024,
      "text" : "Empleado",
      "whiteSpace" : false
    }, {
      "id" : "s9-t47",
      "begin" : 1024,
      "end" : 1025,
      "text" : ":",
      "whiteSpace" : false
    }, {
      "id" : "s9-t48",
      "begin" : 1026,
      "end" : 1031,
      "text" : "vamos",
      "whiteSpace" : false
    }, {
      "id" : "s9-t49",
      "begin" : 1032,
      "end" : 1033,
      "text" : "a",
      "whiteSpace" : false
    }, {
      "id" : "s9-t50",
      "begin" : 1034,
      "end" : 1039,
      "text" : "hacer",
      "whiteSpace" : false
    }, {
      "id" : "s9-t51",
      "begin" : 1040,
      "end" : 1047,
      "text" : "nuestro",
      "whiteSpace" : false
    }, {
      "id" : "s9-t52",
      "begin" : 1048,
      "end" : 1053,
      "text" : "mejor",
      "whiteSpace" : false
    }, {
      "id" : "s9-t53",
      "begin" : 1054,
      "end" : 1062,
      "text" : "esfuerzo",
      "whiteSpace" : false
    }, {
      "id" : "s9-t54",
      "begin" : 1063,
      "end" : 1068,
      "text" : "señor",
      "whiteSpace" : false
    }, {
      "id" : "s9-t55",
      "begin" : 1069,
      "end" : 1076,
      "text" : "Cliente",
      "whiteSpace" : false
    }, {
      "id" : "s9-t56",
      "begin" : 1076,
      "end" : 1077,
      "text" : ":",
      "whiteSpace" : false
    }, {
      "id" : "s9-t57",
      "begin" : 1078,
      "end" : 1085,
      "text" : "Gracios",
      "whiteSpace" : false
    }, {
      "id" : "s9-t58",
      "begin" : 1086,
      "end" : 1094,
      "text" : "Empleado",
      "whiteSpace" : false
    }, {
      "id" : "s9-t59",
      "begin" : 1094,
      "end" : 1095,
      "text" : ":",
      "whiteSpace" : false
    }, {
      "id" : "s9-t60",
      "begin" : 1096,
      "end" : 1097,
      "text" : "¿",
      "whiteSpace" : false
    } ]
  }, {
    "id" : "s10",
    "begin" : 1097,
    "end" : 1138,
    "text" : "hay algo más en lo que yo pueda ayudarle?",
    "tokens" : [ {
      "id" : "s10-t0",
      "begin" : 1097,
      "end" : 1100,
      "text" : "hay",
      "whiteSpace" : false
    }, {
      "id" : "s10-t1",
      "begin" : 1101,
      "end" : 1105,
      "text" : "algo",
      "whiteSpace" : false
    }, {
      "id" : "s10-t2",
      "begin" : 1106,
      "end" : 1109,
      "text" : "más",
      "whiteSpace" : false
    }, {
      "id" : "s10-t3",
      "begin" : 1110,
      "end" : 1112,
      "text" : "en",
      "whiteSpace" : false
    }, {
      "id" : "s10-t4",
      "begin" : 1113,
      "end" : 1115,
      "text" : "lo",
      "whiteSpace" : false
    }, {
      "id" : "s10-t5",
      "begin" : 1116,
      "end" : 1119,
      "text" : "que",
      "whiteSpace" : false
    }, {
      "id" : "s10-t6",
      "begin" : 1120,
      "end" : 1122,
      "text" : "yo",
      "whiteSpace" : false
    }, {
      "id" : "s10-t7",
      "begin" : 1123,
      "end" : 1128,
      "text" : "pueda",
      "whiteSpace" : false
    }, {
      "id" : "s10-t8",
      "begin" : 1129,
      "end" : 1137,
      "text" : "ayudarle",
      "whiteSpace" : false
    }, {
      "id" : "s10-t9",
      "begin" : 1137,
      "end" : 1138,
      "text" : "?",
      "whiteSpace" : false
    } ]
  }, {
    "id" : "s11",
    "begin" : 1138,
    "end" : 1210,
    "text" : "\\nCliente: No\nEmpleado: Gracias por llamar y que tenga un buen día señor",
    "tokens" : [ {
      "id" : "s11-t0",
      "begin" : 1138,
      "end" : 1147,
      "text" : "\\nCliente",
      "whiteSpace" : false
    }, {
      "id" : "s11-t1",
      "begin" : 1147,
      "end" : 1148,
      "text" : ":",
      "whiteSpace" : false
    }, {
      "id" : "s11-t2",
      "begin" : 1149,
      "end" : 1151,
      "text" : "No",
      "whiteSpace" : false
    }, {
      "id" : "s11-t3",
      "begin" : 1152,
      "end" : 1160,
      "text" : "Empleado",
      "whiteSpace" : false
    }, {
      "id" : "s11-t4",
      "begin" : 1160,
      "end" : 1161,
      "text" : ":",
      "whiteSpace" : false
    }, {
      "id" : "s11-t5",
      "begin" : 1162,
      "end" : 1169,
      "text" : "Gracias",
      "whiteSpace" : false
    }, {
      "id" : "s11-t6",
      "begin" : 1170,
      "end" : 1173,
      "text" : "por",
      "whiteSpace" : false
    }, {
      "id" : "s11-t7",
      "begin" : 1174,
      "end" : 1180,
      "text" : "llamar",
      "whiteSpace" : false
    }, {
      "id" : "s11-t8",
      "begin" : 1181,
      "end" : 1182,
      "text" : "y",
      "whiteSpace" : false
    }, {
      "id" : "s11-t9",
      "begin" : 1183,
      "end" : 1186,
      "text" : "que",
      "whiteSpace" : false
    }, {
      "id" : "s11-t10",
      "begin" : 1187,
      "end" : 1192,
      "text" : "tenga",
      "whiteSpace" : false
    }, {
      "id" : "s11-t11",
      "begin" : 1193,
      "end" : 1195,
      "text" : "un",
      "whiteSpace" : false
    }, {
      "id" : "s11-t12",
      "begin" : 1196,
      "end" : 1200,
      "text" : "buen",
      "whiteSpace" : false
    }, {
      "id" : "s11-t13",
      "begin" : 1201,
      "end" : 1204,
      "text" : "día",
      "whiteSpace" : false
    }, {
      "id" : "s11-t14",
      "begin" : 1205,
      "end" : 1210,
      "text" : "señor",
      "whiteSpace" : false
    } ]
  } ],
  "mentions" : [ {
    "id" : "s8-m1",
    "properties" : {
      "SIRE_MENTION_ROLE" : "Nombre",
      "SIRE_ENTITY_SUBTYPE" : "NONE",
      "SIRE_MENTION_TYPE" : "NONE",
      "SIRE_MENTION_CLASS" : "SPC"
    },
    "type" : "Nombre",
    "begin" : 599,
    "end" : 604,
    "inCoref" : false
  }, {
    "id" : "s8-m2",
    "properties" : {
      "SIRE_MENTION_ROLE" : "Mail",
      "SIRE_ENTITY_SUBTYPE" : "NONE",
      "SIRE_MENTION_TYPE" : "NONE",
      "SIRE_MENTION_CLASS" : "SPC"
    },
    "type" : "Mail",
    "begin" : 637,
    "end" : 654,
    "inCoref" : false
  }, {
    "id" : "s8-m3",
    "properties" : {
      "SIRE_MENTION_ROLE" : "Dia_de_nacimiento",
      "SIRE_ENTITY_SUBTYPE" : "NONE",
      "SIRE_MENTION_TYPE" : "NONE",
      "SIRE_MENTION_CLASS" : "SPC"
    },
    "type" : "Dia_de_nacimiento",
    "begin" : 684,
    "end" : 702,
    "inCoref" : false
  }, {
    "id" : "s9-m1",
    "properties" : {
      "SIRE_MENTION_ROLE" : "Direccion",
      "SIRE_ENTITY_SUBTYPE" : "NONE",
      "SIRE_MENTION_TYPE" : "NONE",
      "SIRE_MENTION_CLASS" : "SPC"
    },
    "type" : "Direccion",
    "begin" : 795,
    "end" : 854,
    "inCoref" : false
  } ],
  "relations" : [ ],
  "corefs" : [ ],
  "typeResolved" : true,
  "userResolved" : false
}