{
  "id" : "8bb2d0c0-8623-11e9-a472-f96576696f20-2",
  "name" : "chat3.txt",
  "createdDate" : 0,
  "version" : 3,
  "text" : "Empleado: Hola, mi nombre es Daniela. Como puedo ayudarle\r\nCliente: Hola, mi nombre es Alejandro. Quiero cambiar la direccion de mi cuenta\r\nEmpleado: Por seguridad necesitamos verificar algunos datos, esta bien\r\nCliente: No hay problema\r\nEmpleado: Cual es su fecha de nacimiento y su email\r\nCliente: Mi fecha de nacimiento es el ocho de noviembre de 1992, y mi mail es alex@gmail.com\r\nEmpleado: Gracias por la informacion. Necesitamos el comprobante de domicilio para cambiar la informacion. por favor visite el Celtel mas cercano con el documento. El cambio sera inmediato.\r\nCliente: Gracias, lo hare\r\nEmpleado: Hay algo mas en que pueda ayudarle\r\nCliente: No, muchas gracias\r\nEmpleado: Gracias por hablar a Celtel. Tenga un buen dia\r\nCliente: Gracias, usted tambien",
  "docLength" : 0,
  "language" : "ES",
  "status" : "SUBMITTED",
  "modifiedDate" : 1559582957866,
  "documentSet" : [ ],
  "preannotation" : [ ],
  "sentences" : [ {
    "id" : "s0",
    "begin" : 0,
    "end" : 37,
    "text" : "Empleado: Hola, mi nombre es Daniela.",
    "tokens" : [ {
      "id" : "s0-t0",
      "begin" : 0,
      "end" : 8,
      "text" : "Empleado",
      "whiteSpace" : false
    }, {
      "id" : "s0-t1",
      "begin" : 8,
      "end" : 9,
      "text" : ":",
      "whiteSpace" : false
    }, {
      "id" : "s0-t2",
      "begin" : 10,
      "end" : 14,
      "text" : "Hola",
      "whiteSpace" : false
    }, {
      "id" : "s0-t3",
      "begin" : 14,
      "end" : 15,
      "text" : ",",
      "whiteSpace" : false
    }, {
      "id" : "s0-t4",
      "begin" : 16,
      "end" : 18,
      "text" : "mi",
      "whiteSpace" : false
    }, {
      "id" : "s0-t5",
      "begin" : 19,
      "end" : 25,
      "text" : "nombre",
      "whiteSpace" : false
    }, {
      "id" : "s0-t6",
      "begin" : 26,
      "end" : 28,
      "text" : "es",
      "whiteSpace" : false
    }, {
      "id" : "s0-t7",
      "begin" : 29,
      "end" : 36,
      "text" : "Daniela",
      "whiteSpace" : false
    }, {
      "id" : "s0-t8",
      "begin" : 36,
      "end" : 37,
      "text" : ".",
      "whiteSpace" : false
    } ]
  }, {
    "id" : "s1",
    "begin" : 38,
    "end" : 97,
    "text" : "Como puedo ayudarle\r\nCliente: Hola, mi nombre es Alejandro.",
    "tokens" : [ {
      "id" : "s1-t0",
      "begin" : 38,
      "end" : 42,
      "text" : "Como",
      "whiteSpace" : false
    }, {
      "id" : "s1-t1",
      "begin" : 43,
      "end" : 48,
      "text" : "puedo",
      "whiteSpace" : false
    }, {
      "id" : "s1-t2",
      "begin" : 49,
      "end" : 57,
      "text" : "ayudarle",
      "whiteSpace" : false
    }, {
      "id" : "s1-t3",
      "begin" : 59,
      "end" : 66,
      "text" : "Cliente",
      "whiteSpace" : false
    }, {
      "id" : "s1-t4",
      "begin" : 66,
      "end" : 67,
      "text" : ":",
      "whiteSpace" : false
    }, {
      "id" : "s1-t5",
      "begin" : 68,
      "end" : 72,
      "text" : "Hola",
      "whiteSpace" : false
    }, {
      "id" : "s1-t6",
      "begin" : 72,
      "end" : 73,
      "text" : ",",
      "whiteSpace" : false
    }, {
      "id" : "s1-t7",
      "begin" : 74,
      "end" : 76,
      "text" : "mi",
      "whiteSpace" : false
    }, {
      "id" : "s1-t8",
      "begin" : 77,
      "end" : 83,
      "text" : "nombre",
      "whiteSpace" : false
    }, {
      "id" : "s1-t9",
      "begin" : 84,
      "end" : 86,
      "text" : "es",
      "whiteSpace" : false
    }, {
      "id" : "s1-t10",
      "begin" : 87,
      "end" : 96,
      "text" : "Alejandro",
      "whiteSpace" : false
    }, {
      "id" : "s1-t11",
      "begin" : 96,
      "end" : 97,
      "text" : ".",
      "whiteSpace" : false
    } ]
  }, {
    "id" : "s2",
    "begin" : 98,
    "end" : 422,
    "text" : "Quiero cambiar la direccion de mi cuenta\r\nEmpleado: Por seguridad necesitamos verificar algunos datos, esta bien\r\nCliente: No hay problema\r\nEmpleado: Cual es su fecha de nacimiento y su email\r\nCliente: Mi fecha de nacimiento es el ocho de noviembre de 1992, y mi mail es alex@gmail.com\r\nEmpleado: Gracias por la informacion.",
    "tokens" : [ {
      "id" : "s2-t0",
      "begin" : 98,
      "end" : 104,
      "text" : "Quiero",
      "whiteSpace" : false
    }, {
      "id" : "s2-t1",
      "begin" : 105,
      "end" : 112,
      "text" : "cambiar",
      "whiteSpace" : false
    }, {
      "id" : "s2-t2",
      "begin" : 113,
      "end" : 115,
      "text" : "la",
      "whiteSpace" : false
    }, {
      "id" : "s2-t3",
      "begin" : 116,
      "end" : 125,
      "text" : "direccion",
      "whiteSpace" : false
    }, {
      "id" : "s2-t4",
      "begin" : 126,
      "end" : 128,
      "text" : "de",
      "whiteSpace" : false
    }, {
      "id" : "s2-t5",
      "begin" : 129,
      "end" : 131,
      "text" : "mi",
      "whiteSpace" : false
    }, {
      "id" : "s2-t6",
      "begin" : 132,
      "end" : 138,
      "text" : "cuenta",
      "whiteSpace" : false
    }, {
      "id" : "s2-t7",
      "begin" : 140,
      "end" : 148,
      "text" : "Empleado",
      "whiteSpace" : false
    }, {
      "id" : "s2-t8",
      "begin" : 148,
      "end" : 149,
      "text" : ":",
      "whiteSpace" : false
    }, {
      "id" : "s2-t9",
      "begin" : 150,
      "end" : 153,
      "text" : "Por",
      "whiteSpace" : false
    }, {
      "id" : "s2-t10",
      "begin" : 154,
      "end" : 163,
      "text" : "seguridad",
      "whiteSpace" : false
    }, {
      "id" : "s2-t11",
      "begin" : 164,
      "end" : 175,
      "text" : "necesitamos",
      "whiteSpace" : false
    }, {
      "id" : "s2-t12",
      "begin" : 176,
      "end" : 185,
      "text" : "verificar",
      "whiteSpace" : false
    }, {
      "id" : "s2-t13",
      "begin" : 186,
      "end" : 193,
      "text" : "algunos",
      "whiteSpace" : false
    }, {
      "id" : "s2-t14",
      "begin" : 194,
      "end" : 199,
      "text" : "datos",
      "whiteSpace" : false
    }, {
      "id" : "s2-t15",
      "begin" : 199,
      "end" : 200,
      "text" : ",",
      "whiteSpace" : false
    }, {
      "id" : "s2-t16",
      "begin" : 201,
      "end" : 205,
      "text" : "esta",
      "whiteSpace" : false
    }, {
      "id" : "s2-t17",
      "begin" : 206,
      "end" : 210,
      "text" : "bien",
      "whiteSpace" : false
    }, {
      "id" : "s2-t18",
      "begin" : 212,
      "end" : 219,
      "text" : "Cliente",
      "whiteSpace" : false
    }, {
      "id" : "s2-t19",
      "begin" : 219,
      "end" : 220,
      "text" : ":",
      "whiteSpace" : false
    }, {
      "id" : "s2-t20",
      "begin" : 221,
      "end" : 223,
      "text" : "No",
      "whiteSpace" : false
    }, {
      "id" : "s2-t21",
      "begin" : 224,
      "end" : 227,
      "text" : "hay",
      "whiteSpace" : false
    }, {
      "id" : "s2-t22",
      "begin" : 228,
      "end" : 236,
      "text" : "problema",
      "whiteSpace" : false
    }, {
      "id" : "s2-t23",
      "begin" : 238,
      "end" : 246,
      "text" : "Empleado",
      "whiteSpace" : false
    }, {
      "id" : "s2-t24",
      "begin" : 246,
      "end" : 247,
      "text" : ":",
      "whiteSpace" : false
    }, {
      "id" : "s2-t25",
      "begin" : 248,
      "end" : 252,
      "text" : "Cual",
      "whiteSpace" : false
    }, {
      "id" : "s2-t26",
      "begin" : 253,
      "end" : 255,
      "text" : "es",
      "whiteSpace" : false
    }, {
      "id" : "s2-t27",
      "begin" : 256,
      "end" : 258,
      "text" : "su",
      "whiteSpace" : false
    }, {
      "id" : "s2-t28",
      "begin" : 259,
      "end" : 264,
      "text" : "fecha",
      "whiteSpace" : false
    }, {
      "id" : "s2-t29",
      "begin" : 265,
      "end" : 267,
      "text" : "de",
      "whiteSpace" : false
    }, {
      "id" : "s2-t30",
      "begin" : 268,
      "end" : 278,
      "text" : "nacimiento",
      "whiteSpace" : false
    }, {
      "id" : "s2-t31",
      "begin" : 279,
      "end" : 280,
      "text" : "y",
      "whiteSpace" : false
    }, {
      "id" : "s2-t32",
      "begin" : 281,
      "end" : 283,
      "text" : "su",
      "whiteSpace" : false
    }, {
      "id" : "s2-t33",
      "begin" : 284,
      "end" : 289,
      "text" : "email",
      "whiteSpace" : false
    }, {
      "id" : "s2-t34",
      "begin" : 291,
      "end" : 298,
      "text" : "Cliente",
      "whiteSpace" : false
    }, {
      "id" : "s2-t35",
      "begin" : 298,
      "end" : 299,
      "text" : ":",
      "whiteSpace" : false
    }, {
      "id" : "s2-t36",
      "begin" : 300,
      "end" : 302,
      "text" : "Mi",
      "whiteSpace" : false
    }, {
      "id" : "s2-t37",
      "begin" : 303,
      "end" : 308,
      "text" : "fecha",
      "whiteSpace" : false
    }, {
      "id" : "s2-t38",
      "begin" : 309,
      "end" : 311,
      "text" : "de",
      "whiteSpace" : false
    }, {
      "id" : "s2-t39",
      "begin" : 312,
      "end" : 322,
      "text" : "nacimiento",
      "whiteSpace" : false
    }, {
      "id" : "s2-t40",
      "begin" : 323,
      "end" : 325,
      "text" : "es",
      "whiteSpace" : false
    }, {
      "id" : "s2-t41",
      "begin" : 326,
      "end" : 328,
      "text" : "el",
      "whiteSpace" : false
    }, {
      "id" : "s2-t42",
      "begin" : 329,
      "end" : 333,
      "text" : "ocho",
      "whiteSpace" : false
    }, {
      "id" : "s2-t43",
      "begin" : 334,
      "end" : 336,
      "text" : "de",
      "whiteSpace" : false
    }, {
      "id" : "s2-t44",
      "begin" : 337,
      "end" : 346,
      "text" : "noviembre",
      "whiteSpace" : false
    }, {
      "id" : "s2-t45",
      "begin" : 347,
      "end" : 349,
      "text" : "de",
      "whiteSpace" : false
    }, {
      "id" : "s2-t46",
      "begin" : 350,
      "end" : 354,
      "text" : "1992",
      "whiteSpace" : false
    }, {
      "id" : "s2-t47",
      "begin" : 354,
      "end" : 355,
      "text" : ",",
      "whiteSpace" : false
    }, {
      "id" : "s2-t48",
      "begin" : 356,
      "end" : 357,
      "text" : "y",
      "whiteSpace" : false
    }, {
      "id" : "s2-t49",
      "begin" : 358,
      "end" : 360,
      "text" : "mi",
      "whiteSpace" : false
    }, {
      "id" : "s2-t50",
      "begin" : 361,
      "end" : 365,
      "text" : "mail",
      "whiteSpace" : false
    }, {
      "id" : "s2-t51",
      "begin" : 366,
      "end" : 368,
      "text" : "es",
      "whiteSpace" : false
    }, {
      "id" : "s2-t52",
      "begin" : 369,
      "end" : 383,
      "text" : "alex@gmail.com",
      "whiteSpace" : false
    }, {
      "id" : "s2-t53",
      "begin" : 385,
      "end" : 393,
      "text" : "Empleado",
      "whiteSpace" : false
    }, {
      "id" : "s2-t54",
      "begin" : 393,
      "end" : 394,
      "text" : ":",
      "whiteSpace" : false
    }, {
      "id" : "s2-t55",
      "begin" : 395,
      "end" : 402,
      "text" : "Gracias",
      "whiteSpace" : false
    }, {
      "id" : "s2-t56",
      "begin" : 403,
      "end" : 406,
      "text" : "por",
      "whiteSpace" : false
    }, {
      "id" : "s2-t57",
      "begin" : 407,
      "end" : 409,
      "text" : "la",
      "whiteSpace" : false
    }, {
      "id" : "s2-t58",
      "begin" : 410,
      "end" : 421,
      "text" : "informacion",
      "whiteSpace" : false
    }, {
      "id" : "s2-t59",
      "begin" : 421,
      "end" : 422,
      "text" : ".",
      "whiteSpace" : false
    } ]
  }, {
    "id" : "s3",
    "begin" : 423,
    "end" : 491,
    "text" : "Necesitamos el comprobante de domicilio para cambiar la informacion.",
    "tokens" : [ {
      "id" : "s3-t0",
      "begin" : 423,
      "end" : 434,
      "text" : "Necesitamos",
      "whiteSpace" : false
    }, {
      "id" : "s3-t1",
      "begin" : 435,
      "end" : 437,
      "text" : "el",
      "whiteSpace" : false
    }, {
      "id" : "s3-t2",
      "begin" : 438,
      "end" : 449,
      "text" : "comprobante",
      "whiteSpace" : false
    }, {
      "id" : "s3-t3",
      "begin" : 450,
      "end" : 452,
      "text" : "de",
      "whiteSpace" : false
    }, {
      "id" : "s3-t4",
      "begin" : 453,
      "end" : 462,
      "text" : "domicilio",
      "whiteSpace" : false
    }, {
      "id" : "s3-t5",
      "begin" : 463,
      "end" : 467,
      "text" : "para",
      "whiteSpace" : false
    }, {
      "id" : "s3-t6",
      "begin" : 468,
      "end" : 475,
      "text" : "cambiar",
      "whiteSpace" : false
    }, {
      "id" : "s3-t7",
      "begin" : 476,
      "end" : 478,
      "text" : "la",
      "whiteSpace" : false
    }, {
      "id" : "s3-t8",
      "begin" : 479,
      "end" : 490,
      "text" : "informacion",
      "whiteSpace" : false
    }, {
      "id" : "s3-t9",
      "begin" : 490,
      "end" : 491,
      "text" : ".",
      "whiteSpace" : false
    } ]
  }, {
    "id" : "s4",
    "begin" : 492,
    "end" : 548,
    "text" : "por favor visite el Celtel mas cercano con el documento.",
    "tokens" : [ {
      "id" : "s4-t0",
      "begin" : 492,
      "end" : 495,
      "text" : "por",
      "whiteSpace" : false
    }, {
      "id" : "s4-t1",
      "begin" : 496,
      "end" : 501,
      "text" : "favor",
      "whiteSpace" : false
    }, {
      "id" : "s4-t2",
      "begin" : 502,
      "end" : 508,
      "text" : "visite",
      "whiteSpace" : false
    }, {
      "id" : "s4-t3",
      "begin" : 509,
      "end" : 511,
      "text" : "el",
      "whiteSpace" : false
    }, {
      "id" : "s4-t4",
      "begin" : 512,
      "end" : 518,
      "text" : "Celtel",
      "whiteSpace" : false
    }, {
      "id" : "s4-t5",
      "begin" : 519,
      "end" : 522,
      "text" : "mas",
      "whiteSpace" : false
    }, {
      "id" : "s4-t6",
      "begin" : 523,
      "end" : 530,
      "text" : "cercano",
      "whiteSpace" : false
    }, {
      "id" : "s4-t7",
      "begin" : 531,
      "end" : 534,
      "text" : "con",
      "whiteSpace" : false
    }, {
      "id" : "s4-t8",
      "begin" : 535,
      "end" : 537,
      "text" : "el",
      "whiteSpace" : false
    }, {
      "id" : "s4-t9",
      "begin" : 538,
      "end" : 547,
      "text" : "documento",
      "whiteSpace" : false
    }, {
      "id" : "s4-t10",
      "begin" : 547,
      "end" : 548,
      "text" : ".",
      "whiteSpace" : false
    } ]
  }, {
    "id" : "s5",
    "begin" : 549,
    "end" : 574,
    "text" : "El cambio sera inmediato.",
    "tokens" : [ {
      "id" : "s5-t0",
      "begin" : 549,
      "end" : 551,
      "text" : "El",
      "whiteSpace" : false
    }, {
      "id" : "s5-t1",
      "begin" : 552,
      "end" : 558,
      "text" : "cambio",
      "whiteSpace" : false
    }, {
      "id" : "s5-t2",
      "begin" : 559,
      "end" : 563,
      "text" : "sera",
      "whiteSpace" : false
    }, {
      "id" : "s5-t3",
      "begin" : 564,
      "end" : 573,
      "text" : "inmediato",
      "whiteSpace" : false
    }, {
      "id" : "s5-t4",
      "begin" : 573,
      "end" : 574,
      "text" : ".",
      "whiteSpace" : false
    } ]
  }, {
    "id" : "s6",
    "begin" : 576,
    "end" : 716,
    "text" : "Cliente: Gracias, lo hare\r\nEmpleado: Hay algo mas en que pueda ayudarle\r\nCliente: No, muchas gracias\r\nEmpleado: Gracias por hablar a Celtel.",
    "tokens" : [ {
      "id" : "s6-t0",
      "begin" : 576,
      "end" : 583,
      "text" : "Cliente",
      "whiteSpace" : false
    }, {
      "id" : "s6-t1",
      "begin" : 583,
      "end" : 584,
      "text" : ":",
      "whiteSpace" : false
    }, {
      "id" : "s6-t2",
      "begin" : 585,
      "end" : 592,
      "text" : "Gracias",
      "whiteSpace" : false
    }, {
      "id" : "s6-t3",
      "begin" : 592,
      "end" : 593,
      "text" : ",",
      "whiteSpace" : false
    }, {
      "id" : "s6-t4",
      "begin" : 594,
      "end" : 596,
      "text" : "lo",
      "whiteSpace" : false
    }, {
      "id" : "s6-t5",
      "begin" : 597,
      "end" : 601,
      "text" : "hare",
      "whiteSpace" : false
    }, {
      "id" : "s6-t6",
      "begin" : 603,
      "end" : 611,
      "text" : "Empleado",
      "whiteSpace" : false
    }, {
      "id" : "s6-t7",
      "begin" : 611,
      "end" : 612,
      "text" : ":",
      "whiteSpace" : false
    }, {
      "id" : "s6-t8",
      "begin" : 613,
      "end" : 616,
      "text" : "Hay",
      "whiteSpace" : false
    }, {
      "id" : "s6-t9",
      "begin" : 617,
      "end" : 621,
      "text" : "algo",
      "whiteSpace" : false
    }, {
      "id" : "s6-t10",
      "begin" : 622,
      "end" : 625,
      "text" : "mas",
      "whiteSpace" : false
    }, {
      "id" : "s6-t11",
      "begin" : 626,
      "end" : 628,
      "text" : "en",
      "whiteSpace" : false
    }, {
      "id" : "s6-t12",
      "begin" : 629,
      "end" : 632,
      "text" : "que",
      "whiteSpace" : false
    }, {
      "id" : "s6-t13",
      "begin" : 633,
      "end" : 638,
      "text" : "pueda",
      "whiteSpace" : false
    }, {
      "id" : "s6-t14",
      "begin" : 639,
      "end" : 647,
      "text" : "ayudarle",
      "whiteSpace" : false
    }, {
      "id" : "s6-t15",
      "begin" : 649,
      "end" : 656,
      "text" : "Cliente",
      "whiteSpace" : false
    }, {
      "id" : "s6-t16",
      "begin" : 656,
      "end" : 657,
      "text" : ":",
      "whiteSpace" : false
    }, {
      "id" : "s6-t17",
      "begin" : 658,
      "end" : 660,
      "text" : "No",
      "whiteSpace" : false
    }, {
      "id" : "s6-t18",
      "begin" : 660,
      "end" : 661,
      "text" : ",",
      "whiteSpace" : false
    }, {
      "id" : "s6-t19",
      "begin" : 662,
      "end" : 668,
      "text" : "muchas",
      "whiteSpace" : false
    }, {
      "id" : "s6-t20",
      "begin" : 669,
      "end" : 676,
      "text" : "gracias",
      "whiteSpace" : false
    }, {
      "id" : "s6-t21",
      "begin" : 678,
      "end" : 686,
      "text" : "Empleado",
      "whiteSpace" : false
    }, {
      "id" : "s6-t22",
      "begin" : 686,
      "end" : 687,
      "text" : ":",
      "whiteSpace" : false
    }, {
      "id" : "s6-t23",
      "begin" : 688,
      "end" : 695,
      "text" : "Gracias",
      "whiteSpace" : false
    }, {
      "id" : "s6-t24",
      "begin" : 696,
      "end" : 699,
      "text" : "por",
      "whiteSpace" : false
    }, {
      "id" : "s6-t25",
      "begin" : 700,
      "end" : 706,
      "text" : "hablar",
      "whiteSpace" : false
    }, {
      "id" : "s6-t26",
      "begin" : 707,
      "end" : 708,
      "text" : "a",
      "whiteSpace" : false
    }, {
      "id" : "s6-t27",
      "begin" : 709,
      "end" : 715,
      "text" : "Celtel",
      "whiteSpace" : false
    }, {
      "id" : "s6-t28",
      "begin" : 715,
      "end" : 716,
      "text" : ".",
      "whiteSpace" : false
    } ]
  }, {
    "id" : "s7",
    "begin" : 717,
    "end" : 767,
    "text" : "Tenga un buen dia\r\nCliente: Gracias, usted tambien",
    "tokens" : [ {
      "id" : "s7-t0",
      "begin" : 717,
      "end" : 722,
      "text" : "Tenga",
      "whiteSpace" : false
    }, {
      "id" : "s7-t1",
      "begin" : 723,
      "end" : 725,
      "text" : "un",
      "whiteSpace" : false
    }, {
      "id" : "s7-t2",
      "begin" : 726,
      "end" : 730,
      "text" : "buen",
      "whiteSpace" : false
    }, {
      "id" : "s7-t3",
      "begin" : 731,
      "end" : 734,
      "text" : "dia",
      "whiteSpace" : false
    }, {
      "id" : "s7-t4",
      "begin" : 736,
      "end" : 743,
      "text" : "Cliente",
      "whiteSpace" : false
    }, {
      "id" : "s7-t5",
      "begin" : 743,
      "end" : 744,
      "text" : ":",
      "whiteSpace" : false
    }, {
      "id" : "s7-t6",
      "begin" : 745,
      "end" : 752,
      "text" : "Gracias",
      "whiteSpace" : false
    }, {
      "id" : "s7-t7",
      "begin" : 752,
      "end" : 753,
      "text" : ",",
      "whiteSpace" : false
    }, {
      "id" : "s7-t8",
      "begin" : 754,
      "end" : 759,
      "text" : "usted",
      "whiteSpace" : false
    }, {
      "id" : "s7-t9",
      "begin" : 760,
      "end" : 767,
      "text" : "tambien",
      "whiteSpace" : false
    } ]
  } ],
  "mentions" : [ {
    "id" : "s1-m1",
    "properties" : {
      "SIRE_MENTION_ROLE" : "Nombre",
      "SIRE_ENTITY_SUBTYPE" : "NONE",
      "SIRE_MENTION_TYPE" : "NONE",
      "SIRE_MENTION_CLASS" : "SPC"
    },
    "type" : "Nombre",
    "begin" : 87,
    "end" : 96,
    "inCoref" : false
  }, {
    "id" : "s2-m2",
    "properties" : {
      "SIRE_MENTION_ROLE" : "Dia_de_nacimiento",
      "SIRE_ENTITY_SUBTYPE" : "NONE",
      "SIRE_MENTION_TYPE" : "NONE",
      "SIRE_MENTION_CLASS" : "SPC"
    },
    "type" : "Dia_de_nacimiento",
    "begin" : 329,
    "end" : 354,
    "inCoref" : false
  }, {
    "id" : "s2-m1",
    "properties" : {
      "SIRE_MENTION_ROLE" : "Mail",
      "SIRE_ENTITY_SUBTYPE" : "NONE",
      "SIRE_MENTION_TYPE" : "NONE",
      "SIRE_MENTION_CLASS" : "SPC"
    },
    "type" : "Mail",
    "begin" : 369,
    "end" : 383,
    "inCoref" : false
  } ],
  "relations" : [ ],
  "corefs" : [ ],
  "typeResolved" : true,
  "userResolved" : false
}