{
  "id" : "8bb2d0c0-8623-11e9-a472-f96576696f20-6",
  "name" : "Texto7.txt",
  "createdDate" : 0,
  "version" : 3,
  "text" : "Empleado: Buen día, habla Priya. ¿Cómo puedo ayudarle?\nCliente: Buenos días, habla Anand. Quiero cambiar mi plan\nEmpleado: seguro, puedo ayudarte. ¿Desea cambiar el plan para el número del que está llamando ahora?\nCliente: Así es\nEmpleado: para fines de verificación me podría indicar su fecha de nacimiento y correo electrónico Id\nCliente: Mi dia de nacimiento es el 10 de agosto de 1979 y mi ID de correo electrónico es anand@gmail.com\nEmpleado : ¿A qué plan desea migrar?\nCliente: Al plan 450 ilimitada\\nEmpleado: ¿Me podría decir el nombre de su empresa y su Id de empleado\nCLiente: trabajo para IBM y mi ID de empleado es 12345\nEmpleado: OK.. He tomado su solicitud para migrar al plan 450 ilimitado. Obtendrá una actualización en 3 horas. ¿Hay algo más que pueda ayudarte?\nCliente: No\nEmpleado: Gracias por llamar a Celtel. Que tengas un buen día.\nCliente: Igualmente\n",
  "docLength" : 0,
  "language" : "ES",
  "status" : "SUBMITTED",
  "modifiedDate" : 1559582702826,
  "documentSet" : [ ],
  "preannotation" : [ ],
  "sentences" : [ {
    "id" : "s0",
    "begin" : 0,
    "end" : 34,
    "text" : "Empleado: Buen día, habla Priya. ¿",
    "tokens" : [ {
      "id" : "s0-t0",
      "begin" : 0,
      "end" : 8,
      "text" : "Empleado",
      "whiteSpace" : false
    }, {
      "id" : "s0-t1",
      "begin" : 8,
      "end" : 9,
      "text" : ":",
      "whiteSpace" : false
    }, {
      "id" : "s0-t2",
      "begin" : 10,
      "end" : 14,
      "text" : "Buen",
      "whiteSpace" : false
    }, {
      "id" : "s0-t3",
      "begin" : 15,
      "end" : 18,
      "text" : "día",
      "whiteSpace" : false
    }, {
      "id" : "s0-t4",
      "begin" : 18,
      "end" : 19,
      "text" : ",",
      "whiteSpace" : false
    }, {
      "id" : "s0-t5",
      "begin" : 20,
      "end" : 25,
      "text" : "habla",
      "whiteSpace" : false
    }, {
      "id" : "s0-t6",
      "begin" : 26,
      "end" : 31,
      "text" : "Priya",
      "whiteSpace" : false
    }, {
      "id" : "s0-t7",
      "begin" : 31,
      "end" : 32,
      "text" : ".",
      "whiteSpace" : false
    }, {
      "id" : "s0-t8",
      "begin" : 33,
      "end" : 34,
      "text" : "¿",
      "whiteSpace" : false
    } ]
  }, {
    "id" : "s1",
    "begin" : 34,
    "end" : 54,
    "text" : "Cómo puedo ayudarle?",
    "tokens" : [ {
      "id" : "s1-t0",
      "begin" : 34,
      "end" : 38,
      "text" : "Cómo",
      "whiteSpace" : false
    }, {
      "id" : "s1-t1",
      "begin" : 39,
      "end" : 44,
      "text" : "puedo",
      "whiteSpace" : false
    }, {
      "id" : "s1-t2",
      "begin" : 45,
      "end" : 53,
      "text" : "ayudarle",
      "whiteSpace" : false
    }, {
      "id" : "s1-t3",
      "begin" : 53,
      "end" : 54,
      "text" : "?",
      "whiteSpace" : false
    } ]
  }, {
    "id" : "s2",
    "begin" : 55,
    "end" : 89,
    "text" : "Cliente: Buenos días, habla Anand.",
    "tokens" : [ {
      "id" : "s2-t0",
      "begin" : 55,
      "end" : 62,
      "text" : "Cliente",
      "whiteSpace" : false
    }, {
      "id" : "s2-t1",
      "begin" : 62,
      "end" : 63,
      "text" : ":",
      "whiteSpace" : false
    }, {
      "id" : "s2-t2",
      "begin" : 64,
      "end" : 70,
      "text" : "Buenos",
      "whiteSpace" : false
    }, {
      "id" : "s2-t3",
      "begin" : 71,
      "end" : 75,
      "text" : "días",
      "whiteSpace" : false
    }, {
      "id" : "s2-t4",
      "begin" : 75,
      "end" : 76,
      "text" : ",",
      "whiteSpace" : false
    }, {
      "id" : "s2-t5",
      "begin" : 77,
      "end" : 82,
      "text" : "habla",
      "whiteSpace" : false
    }, {
      "id" : "s2-t6",
      "begin" : 83,
      "end" : 88,
      "text" : "Anand",
      "whiteSpace" : false
    }, {
      "id" : "s2-t7",
      "begin" : 88,
      "end" : 89,
      "text" : ".",
      "whiteSpace" : false
    } ]
  }, {
    "id" : "s3",
    "begin" : 90,
    "end" : 148,
    "text" : "Quiero cambiar mi plan\nEmpleado: seguro, puedo ayudarte. ¿",
    "tokens" : [ {
      "id" : "s3-t0",
      "begin" : 90,
      "end" : 96,
      "text" : "Quiero",
      "whiteSpace" : false
    }, {
      "id" : "s3-t1",
      "begin" : 97,
      "end" : 104,
      "text" : "cambiar",
      "whiteSpace" : false
    }, {
      "id" : "s3-t2",
      "begin" : 105,
      "end" : 107,
      "text" : "mi",
      "whiteSpace" : false
    }, {
      "id" : "s3-t3",
      "begin" : 108,
      "end" : 112,
      "text" : "plan",
      "whiteSpace" : false
    }, {
      "id" : "s3-t4",
      "begin" : 113,
      "end" : 121,
      "text" : "Empleado",
      "whiteSpace" : false
    }, {
      "id" : "s3-t5",
      "begin" : 121,
      "end" : 122,
      "text" : ":",
      "whiteSpace" : false
    }, {
      "id" : "s3-t6",
      "begin" : 123,
      "end" : 129,
      "text" : "seguro",
      "whiteSpace" : false
    }, {
      "id" : "s3-t7",
      "begin" : 129,
      "end" : 130,
      "text" : ",",
      "whiteSpace" : false
    }, {
      "id" : "s3-t8",
      "begin" : 131,
      "end" : 136,
      "text" : "puedo",
      "whiteSpace" : false
    }, {
      "id" : "s3-t9",
      "begin" : 137,
      "end" : 145,
      "text" : "ayudarte",
      "whiteSpace" : false
    }, {
      "id" : "s3-t10",
      "begin" : 145,
      "end" : 146,
      "text" : ".",
      "whiteSpace" : false
    }, {
      "id" : "s3-t11",
      "begin" : 147,
      "end" : 148,
      "text" : "¿",
      "whiteSpace" : false
    } ]
  }, {
    "id" : "s4",
    "begin" : 148,
    "end" : 213,
    "text" : "Desea cambiar el plan para el número del que está llamando ahora?",
    "tokens" : [ {
      "id" : "s4-t0",
      "begin" : 148,
      "end" : 153,
      "text" : "Desea",
      "whiteSpace" : false
    }, {
      "id" : "s4-t1",
      "begin" : 154,
      "end" : 161,
      "text" : "cambiar",
      "whiteSpace" : false
    }, {
      "id" : "s4-t2",
      "begin" : 162,
      "end" : 164,
      "text" : "el",
      "whiteSpace" : false
    }, {
      "id" : "s4-t3",
      "begin" : 165,
      "end" : 169,
      "text" : "plan",
      "whiteSpace" : false
    }, {
      "id" : "s4-t4",
      "begin" : 170,
      "end" : 174,
      "text" : "para",
      "whiteSpace" : false
    }, {
      "id" : "s4-t5",
      "begin" : 175,
      "end" : 177,
      "text" : "el",
      "whiteSpace" : false
    }, {
      "id" : "s4-t6",
      "begin" : 178,
      "end" : 184,
      "text" : "número",
      "whiteSpace" : false
    }, {
      "id" : "s4-t7",
      "begin" : 185,
      "end" : 188,
      "text" : "del",
      "whiteSpace" : false
    }, {
      "id" : "s4-t8",
      "begin" : 189,
      "end" : 192,
      "text" : "que",
      "whiteSpace" : false
    }, {
      "id" : "s4-t9",
      "begin" : 193,
      "end" : 197,
      "text" : "está",
      "whiteSpace" : false
    }, {
      "id" : "s4-t10",
      "begin" : 198,
      "end" : 206,
      "text" : "llamando",
      "whiteSpace" : false
    }, {
      "id" : "s4-t11",
      "begin" : 207,
      "end" : 212,
      "text" : "ahora",
      "whiteSpace" : false
    }, {
      "id" : "s4-t12",
      "begin" : 212,
      "end" : 213,
      "text" : "?",
      "whiteSpace" : false
    } ]
  }, {
    "id" : "s5",
    "begin" : 214,
    "end" : 450,
    "text" : "Cliente: Así es\nEmpleado: para fines de verificación me podría indicar su fecha de nacimiento y correo electrónico Id\nCliente: Mi dia de nacimiento es el 10 de agosto de 1979 y mi ID de correo electrónico es anand@gmail.com\nEmpleado : ¿",
    "tokens" : [ {
      "id" : "s5-t0",
      "begin" : 214,
      "end" : 221,
      "text" : "Cliente",
      "whiteSpace" : false
    }, {
      "id" : "s5-t1",
      "begin" : 221,
      "end" : 222,
      "text" : ":",
      "whiteSpace" : false
    }, {
      "id" : "s5-t2",
      "begin" : 223,
      "end" : 226,
      "text" : "Así",
      "whiteSpace" : false
    }, {
      "id" : "s5-t3",
      "begin" : 227,
      "end" : 229,
      "text" : "es",
      "whiteSpace" : false
    }, {
      "id" : "s5-t4",
      "begin" : 230,
      "end" : 238,
      "text" : "Empleado",
      "whiteSpace" : false
    }, {
      "id" : "s5-t5",
      "begin" : 238,
      "end" : 239,
      "text" : ":",
      "whiteSpace" : false
    }, {
      "id" : "s5-t6",
      "begin" : 240,
      "end" : 244,
      "text" : "para",
      "whiteSpace" : false
    }, {
      "id" : "s5-t7",
      "begin" : 245,
      "end" : 250,
      "text" : "fines",
      "whiteSpace" : false
    }, {
      "id" : "s5-t8",
      "begin" : 251,
      "end" : 253,
      "text" : "de",
      "whiteSpace" : false
    }, {
      "id" : "s5-t9",
      "begin" : 254,
      "end" : 266,
      "text" : "verificación",
      "whiteSpace" : false
    }, {
      "id" : "s5-t10",
      "begin" : 267,
      "end" : 269,
      "text" : "me",
      "whiteSpace" : false
    }, {
      "id" : "s5-t11",
      "begin" : 270,
      "end" : 276,
      "text" : "podría",
      "whiteSpace" : false
    }, {
      "id" : "s5-t12",
      "begin" : 277,
      "end" : 284,
      "text" : "indicar",
      "whiteSpace" : false
    }, {
      "id" : "s5-t13",
      "begin" : 285,
      "end" : 287,
      "text" : "su",
      "whiteSpace" : false
    }, {
      "id" : "s5-t14",
      "begin" : 288,
      "end" : 293,
      "text" : "fecha",
      "whiteSpace" : false
    }, {
      "id" : "s5-t15",
      "begin" : 294,
      "end" : 296,
      "text" : "de",
      "whiteSpace" : false
    }, {
      "id" : "s5-t16",
      "begin" : 297,
      "end" : 307,
      "text" : "nacimiento",
      "whiteSpace" : false
    }, {
      "id" : "s5-t17",
      "begin" : 308,
      "end" : 309,
      "text" : "y",
      "whiteSpace" : false
    }, {
      "id" : "s5-t18",
      "begin" : 310,
      "end" : 316,
      "text" : "correo",
      "whiteSpace" : false
    }, {
      "id" : "s5-t19",
      "begin" : 317,
      "end" : 328,
      "text" : "electrónico",
      "whiteSpace" : false
    }, {
      "id" : "s5-t20",
      "begin" : 329,
      "end" : 331,
      "text" : "Id",
      "whiteSpace" : false
    }, {
      "id" : "s5-t21",
      "begin" : 332,
      "end" : 339,
      "text" : "Cliente",
      "whiteSpace" : false
    }, {
      "id" : "s5-t22",
      "begin" : 339,
      "end" : 340,
      "text" : ":",
      "whiteSpace" : false
    }, {
      "id" : "s5-t23",
      "begin" : 341,
      "end" : 343,
      "text" : "Mi",
      "whiteSpace" : false
    }, {
      "id" : "s5-t24",
      "begin" : 344,
      "end" : 347,
      "text" : "dia",
      "whiteSpace" : false
    }, {
      "id" : "s5-t25",
      "begin" : 348,
      "end" : 350,
      "text" : "de",
      "whiteSpace" : false
    }, {
      "id" : "s5-t26",
      "begin" : 351,
      "end" : 361,
      "text" : "nacimiento",
      "whiteSpace" : false
    }, {
      "id" : "s5-t27",
      "begin" : 362,
      "end" : 364,
      "text" : "es",
      "whiteSpace" : false
    }, {
      "id" : "s5-t28",
      "begin" : 365,
      "end" : 367,
      "text" : "el",
      "whiteSpace" : false
    }, {
      "id" : "s5-t29",
      "begin" : 368,
      "end" : 370,
      "text" : "10",
      "whiteSpace" : false
    }, {
      "id" : "s5-t30",
      "begin" : 371,
      "end" : 373,
      "text" : "de",
      "whiteSpace" : false
    }, {
      "id" : "s5-t31",
      "begin" : 374,
      "end" : 380,
      "text" : "agosto",
      "whiteSpace" : false
    }, {
      "id" : "s5-t32",
      "begin" : 381,
      "end" : 383,
      "text" : "de",
      "whiteSpace" : false
    }, {
      "id" : "s5-t33",
      "begin" : 384,
      "end" : 388,
      "text" : "1979",
      "whiteSpace" : false
    }, {
      "id" : "s5-t34",
      "begin" : 389,
      "end" : 390,
      "text" : "y",
      "whiteSpace" : false
    }, {
      "id" : "s5-t35",
      "begin" : 391,
      "end" : 393,
      "text" : "mi",
      "whiteSpace" : false
    }, {
      "id" : "s5-t36",
      "begin" : 394,
      "end" : 396,
      "text" : "ID",
      "whiteSpace" : false
    }, {
      "id" : "s5-t37",
      "begin" : 397,
      "end" : 399,
      "text" : "de",
      "whiteSpace" : false
    }, {
      "id" : "s5-t38",
      "begin" : 400,
      "end" : 406,
      "text" : "correo",
      "whiteSpace" : false
    }, {
      "id" : "s5-t39",
      "begin" : 407,
      "end" : 418,
      "text" : "electrónico",
      "whiteSpace" : false
    }, {
      "id" : "s5-t40",
      "begin" : 419,
      "end" : 421,
      "text" : "es",
      "whiteSpace" : false
    }, {
      "id" : "s5-t41",
      "begin" : 422,
      "end" : 437,
      "text" : "anand@gmail.com",
      "whiteSpace" : false
    }, {
      "id" : "s5-t42",
      "begin" : 438,
      "end" : 446,
      "text" : "Empleado",
      "whiteSpace" : false
    }, {
      "id" : "s5-t43",
      "begin" : 447,
      "end" : 448,
      "text" : ":",
      "whiteSpace" : false
    }, {
      "id" : "s5-t44",
      "begin" : 449,
      "end" : 450,
      "text" : "¿",
      "whiteSpace" : false
    } ]
  }, {
    "id" : "s6",
    "begin" : 450,
    "end" : 474,
    "text" : "A qué plan desea migrar?",
    "tokens" : [ {
      "id" : "s6-t0",
      "begin" : 450,
      "end" : 451,
      "text" : "A",
      "whiteSpace" : false
    }, {
      "id" : "s6-t1",
      "begin" : 452,
      "end" : 455,
      "text" : "qué",
      "whiteSpace" : false
    }, {
      "id" : "s6-t2",
      "begin" : 456,
      "end" : 460,
      "text" : "plan",
      "whiteSpace" : false
    }, {
      "id" : "s6-t3",
      "begin" : 461,
      "end" : 466,
      "text" : "desea",
      "whiteSpace" : false
    }, {
      "id" : "s6-t4",
      "begin" : 467,
      "end" : 473,
      "text" : "migrar",
      "whiteSpace" : false
    }, {
      "id" : "s6-t5",
      "begin" : 473,
      "end" : 474,
      "text" : "?",
      "whiteSpace" : false
    } ]
  }, {
    "id" : "s7",
    "begin" : 475,
    "end" : 518,
    "text" : "Cliente: Al plan 450 ilimitada\\nEmpleado: ¿",
    "tokens" : [ {
      "id" : "s7-t0",
      "begin" : 475,
      "end" : 482,
      "text" : "Cliente",
      "whiteSpace" : false
    }, {
      "id" : "s7-t1",
      "begin" : 482,
      "end" : 483,
      "text" : ":",
      "whiteSpace" : false
    }, {
      "id" : "s7-t2",
      "begin" : 484,
      "end" : 486,
      "text" : "Al",
      "whiteSpace" : false
    }, {
      "id" : "s7-t3",
      "begin" : 487,
      "end" : 491,
      "text" : "plan",
      "whiteSpace" : false
    }, {
      "id" : "s7-t4",
      "begin" : 492,
      "end" : 495,
      "text" : "450",
      "whiteSpace" : false
    }, {
      "id" : "s7-t5",
      "begin" : 496,
      "end" : 505,
      "text" : "ilimitada",
      "whiteSpace" : false
    }, {
      "id" : "s7-t6",
      "begin" : 505,
      "end" : 515,
      "text" : "\\nEmpleado",
      "whiteSpace" : false
    }, {
      "id" : "s7-t7",
      "begin" : 515,
      "end" : 516,
      "text" : ":",
      "whiteSpace" : false
    }, {
      "id" : "s7-t8",
      "begin" : 517,
      "end" : 518,
      "text" : "¿",
      "whiteSpace" : false
    } ]
  }, {
    "id" : "s8",
    "begin" : 518,
    "end" : 705,
    "text" : "Me podría decir el nombre de su empresa y su Id de empleado\nCLiente: trabajo para IBM y mi ID de empleado es 12345\nEmpleado: OK.. He tomado su solicitud para migrar al plan 450 ilimitado.",
    "tokens" : [ {
      "id" : "s8-t0",
      "begin" : 518,
      "end" : 520,
      "text" : "Me",
      "whiteSpace" : false
    }, {
      "id" : "s8-t1",
      "begin" : 521,
      "end" : 527,
      "text" : "podría",
      "whiteSpace" : false
    }, {
      "id" : "s8-t2",
      "begin" : 528,
      "end" : 533,
      "text" : "decir",
      "whiteSpace" : false
    }, {
      "id" : "s8-t3",
      "begin" : 534,
      "end" : 536,
      "text" : "el",
      "whiteSpace" : false
    }, {
      "id" : "s8-t4",
      "begin" : 537,
      "end" : 543,
      "text" : "nombre",
      "whiteSpace" : false
    }, {
      "id" : "s8-t5",
      "begin" : 544,
      "end" : 546,
      "text" : "de",
      "whiteSpace" : false
    }, {
      "id" : "s8-t6",
      "begin" : 547,
      "end" : 549,
      "text" : "su",
      "whiteSpace" : false
    }, {
      "id" : "s8-t7",
      "begin" : 550,
      "end" : 557,
      "text" : "empresa",
      "whiteSpace" : false
    }, {
      "id" : "s8-t8",
      "begin" : 558,
      "end" : 559,
      "text" : "y",
      "whiteSpace" : false
    }, {
      "id" : "s8-t9",
      "begin" : 560,
      "end" : 562,
      "text" : "su",
      "whiteSpace" : false
    }, {
      "id" : "s8-t10",
      "begin" : 563,
      "end" : 565,
      "text" : "Id",
      "whiteSpace" : false
    }, {
      "id" : "s8-t11",
      "begin" : 566,
      "end" : 568,
      "text" : "de",
      "whiteSpace" : false
    }, {
      "id" : "s8-t12",
      "begin" : 569,
      "end" : 577,
      "text" : "empleado",
      "whiteSpace" : false
    }, {
      "id" : "s8-t13",
      "begin" : 578,
      "end" : 585,
      "text" : "CLiente",
      "whiteSpace" : false
    }, {
      "id" : "s8-t14",
      "begin" : 585,
      "end" : 586,
      "text" : ":",
      "whiteSpace" : false
    }, {
      "id" : "s8-t15",
      "begin" : 587,
      "end" : 594,
      "text" : "trabajo",
      "whiteSpace" : false
    }, {
      "id" : "s8-t16",
      "begin" : 595,
      "end" : 599,
      "text" : "para",
      "whiteSpace" : false
    }, {
      "id" : "s8-t17",
      "begin" : 600,
      "end" : 603,
      "text" : "IBM",
      "whiteSpace" : false
    }, {
      "id" : "s8-t18",
      "begin" : 604,
      "end" : 605,
      "text" : "y",
      "whiteSpace" : false
    }, {
      "id" : "s8-t19",
      "begin" : 606,
      "end" : 608,
      "text" : "mi",
      "whiteSpace" : false
    }, {
      "id" : "s8-t20",
      "begin" : 609,
      "end" : 611,
      "text" : "ID",
      "whiteSpace" : false
    }, {
      "id" : "s8-t21",
      "begin" : 612,
      "end" : 614,
      "text" : "de",
      "whiteSpace" : false
    }, {
      "id" : "s8-t22",
      "begin" : 615,
      "end" : 623,
      "text" : "empleado",
      "whiteSpace" : false
    }, {
      "id" : "s8-t23",
      "begin" : 624,
      "end" : 626,
      "text" : "es",
      "whiteSpace" : false
    }, {
      "id" : "s8-t24",
      "begin" : 627,
      "end" : 632,
      "text" : "12345",
      "whiteSpace" : false
    }, {
      "id" : "s8-t25",
      "begin" : 633,
      "end" : 641,
      "text" : "Empleado",
      "whiteSpace" : false
    }, {
      "id" : "s8-t26",
      "begin" : 641,
      "end" : 642,
      "text" : ":",
      "whiteSpace" : false
    }, {
      "id" : "s8-t27",
      "begin" : 643,
      "end" : 645,
      "text" : "OK",
      "whiteSpace" : false
    }, {
      "id" : "s8-t28",
      "begin" : 645,
      "end" : 647,
      "text" : "..",
      "whiteSpace" : false
    }, {
      "id" : "s8-t29",
      "begin" : 648,
      "end" : 650,
      "text" : "He",
      "whiteSpace" : false
    }, {
      "id" : "s8-t30",
      "begin" : 651,
      "end" : 657,
      "text" : "tomado",
      "whiteSpace" : false
    }, {
      "id" : "s8-t31",
      "begin" : 658,
      "end" : 660,
      "text" : "su",
      "whiteSpace" : false
    }, {
      "id" : "s8-t32",
      "begin" : 661,
      "end" : 670,
      "text" : "solicitud",
      "whiteSpace" : false
    }, {
      "id" : "s8-t33",
      "begin" : 671,
      "end" : 675,
      "text" : "para",
      "whiteSpace" : false
    }, {
      "id" : "s8-t34",
      "begin" : 676,
      "end" : 682,
      "text" : "migrar",
      "whiteSpace" : false
    }, {
      "id" : "s8-t35",
      "begin" : 683,
      "end" : 685,
      "text" : "al",
      "whiteSpace" : false
    }, {
      "id" : "s8-t36",
      "begin" : 686,
      "end" : 690,
      "text" : "plan",
      "whiteSpace" : false
    }, {
      "id" : "s8-t37",
      "begin" : 691,
      "end" : 694,
      "text" : "450",
      "whiteSpace" : false
    }, {
      "id" : "s8-t38",
      "begin" : 695,
      "end" : 704,
      "text" : "ilimitado",
      "whiteSpace" : false
    }, {
      "id" : "s8-t39",
      "begin" : 704,
      "end" : 705,
      "text" : ".",
      "whiteSpace" : false
    } ]
  }, {
    "id" : "s9",
    "begin" : 706,
    "end" : 746,
    "text" : "Obtendrá una actualización en 3 horas. ¿",
    "tokens" : [ {
      "id" : "s9-t0",
      "begin" : 706,
      "end" : 714,
      "text" : "Obtendrá",
      "whiteSpace" : false
    }, {
      "id" : "s9-t1",
      "begin" : 715,
      "end" : 718,
      "text" : "una",
      "whiteSpace" : false
    }, {
      "id" : "s9-t2",
      "begin" : 719,
      "end" : 732,
      "text" : "actualización",
      "whiteSpace" : false
    }, {
      "id" : "s9-t3",
      "begin" : 733,
      "end" : 735,
      "text" : "en",
      "whiteSpace" : false
    }, {
      "id" : "s9-t4",
      "begin" : 736,
      "end" : 737,
      "text" : "3",
      "whiteSpace" : false
    }, {
      "id" : "s9-t5",
      "begin" : 738,
      "end" : 743,
      "text" : "horas",
      "whiteSpace" : false
    }, {
      "id" : "s9-t6",
      "begin" : 743,
      "end" : 744,
      "text" : ".",
      "whiteSpace" : false
    }, {
      "id" : "s9-t7",
      "begin" : 745,
      "end" : 746,
      "text" : "¿",
      "whiteSpace" : false
    } ]
  }, {
    "id" : "s10",
    "begin" : 746,
    "end" : 778,
    "text" : "Hay algo más que pueda ayudarte?",
    "tokens" : [ {
      "id" : "s10-t0",
      "begin" : 746,
      "end" : 749,
      "text" : "Hay",
      "whiteSpace" : false
    }, {
      "id" : "s10-t1",
      "begin" : 750,
      "end" : 754,
      "text" : "algo",
      "whiteSpace" : false
    }, {
      "id" : "s10-t2",
      "begin" : 755,
      "end" : 758,
      "text" : "más",
      "whiteSpace" : false
    }, {
      "id" : "s10-t3",
      "begin" : 759,
      "end" : 762,
      "text" : "que",
      "whiteSpace" : false
    }, {
      "id" : "s10-t4",
      "begin" : 763,
      "end" : 768,
      "text" : "pueda",
      "whiteSpace" : false
    }, {
      "id" : "s10-t5",
      "begin" : 769,
      "end" : 777,
      "text" : "ayudarte",
      "whiteSpace" : false
    }, {
      "id" : "s10-t6",
      "begin" : 777,
      "end" : 778,
      "text" : "?",
      "whiteSpace" : false
    } ]
  }, {
    "id" : "s11",
    "begin" : 779,
    "end" : 829,
    "text" : "Cliente: No\nEmpleado: Gracias por llamar a Celtel.",
    "tokens" : [ {
      "id" : "s11-t0",
      "begin" : 779,
      "end" : 786,
      "text" : "Cliente",
      "whiteSpace" : false
    }, {
      "id" : "s11-t1",
      "begin" : 786,
      "end" : 787,
      "text" : ":",
      "whiteSpace" : false
    }, {
      "id" : "s11-t2",
      "begin" : 788,
      "end" : 790,
      "text" : "No",
      "whiteSpace" : false
    }, {
      "id" : "s11-t3",
      "begin" : 791,
      "end" : 799,
      "text" : "Empleado",
      "whiteSpace" : false
    }, {
      "id" : "s11-t4",
      "begin" : 799,
      "end" : 800,
      "text" : ":",
      "whiteSpace" : false
    }, {
      "id" : "s11-t5",
      "begin" : 801,
      "end" : 808,
      "text" : "Gracias",
      "whiteSpace" : false
    }, {
      "id" : "s11-t6",
      "begin" : 809,
      "end" : 812,
      "text" : "por",
      "whiteSpace" : false
    }, {
      "id" : "s11-t7",
      "begin" : 813,
      "end" : 819,
      "text" : "llamar",
      "whiteSpace" : false
    }, {
      "id" : "s11-t8",
      "begin" : 820,
      "end" : 821,
      "text" : "a",
      "whiteSpace" : false
    }, {
      "id" : "s11-t9",
      "begin" : 822,
      "end" : 828,
      "text" : "Celtel",
      "whiteSpace" : false
    }, {
      "id" : "s11-t10",
      "begin" : 828,
      "end" : 829,
      "text" : ".",
      "whiteSpace" : false
    } ]
  }, {
    "id" : "s12",
    "begin" : 830,
    "end" : 853,
    "text" : "Que tengas un buen día.",
    "tokens" : [ {
      "id" : "s12-t0",
      "begin" : 830,
      "end" : 833,
      "text" : "Que",
      "whiteSpace" : false
    }, {
      "id" : "s12-t1",
      "begin" : 834,
      "end" : 840,
      "text" : "tengas",
      "whiteSpace" : false
    }, {
      "id" : "s12-t2",
      "begin" : 841,
      "end" : 843,
      "text" : "un",
      "whiteSpace" : false
    }, {
      "id" : "s12-t3",
      "begin" : 844,
      "end" : 848,
      "text" : "buen",
      "whiteSpace" : false
    }, {
      "id" : "s12-t4",
      "begin" : 849,
      "end" : 852,
      "text" : "día",
      "whiteSpace" : false
    }, {
      "id" : "s12-t5",
      "begin" : 852,
      "end" : 853,
      "text" : ".",
      "whiteSpace" : false
    } ]
  }, {
    "id" : "s13",
    "begin" : 854,
    "end" : 873,
    "text" : "Cliente: Igualmente",
    "tokens" : [ {
      "id" : "s13-t0",
      "begin" : 854,
      "end" : 861,
      "text" : "Cliente",
      "whiteSpace" : false
    }, {
      "id" : "s13-t1",
      "begin" : 861,
      "end" : 862,
      "text" : ":",
      "whiteSpace" : false
    }, {
      "id" : "s13-t2",
      "begin" : 863,
      "end" : 873,
      "text" : "Igualmente",
      "whiteSpace" : false
    } ]
  } ],
  "mentions" : [ {
    "id" : "s2-m1",
    "properties" : {
      "SIRE_MENTION_ROLE" : "Nombre",
      "SIRE_ENTITY_SUBTYPE" : "NONE",
      "SIRE_MENTION_TYPE" : "NONE",
      "SIRE_MENTION_CLASS" : "SPC"
    },
    "type" : "Nombre",
    "begin" : 83,
    "end" : 88,
    "inCoref" : false
  }, {
    "id" : "s5-m1",
    "properties" : {
      "SIRE_MENTION_ROLE" : "Dia_de_nacimiento",
      "SIRE_ENTITY_SUBTYPE" : "NONE",
      "SIRE_MENTION_TYPE" : "NONE",
      "SIRE_MENTION_CLASS" : "SPC"
    },
    "type" : "Dia_de_nacimiento",
    "begin" : 368,
    "end" : 388,
    "inCoref" : false
  }, {
    "id" : "s5-m2",
    "properties" : {
      "SIRE_MENTION_ROLE" : "Mail",
      "SIRE_ENTITY_SUBTYPE" : "NONE",
      "SIRE_MENTION_TYPE" : "NONE",
      "SIRE_MENTION_CLASS" : "SPC"
    },
    "type" : "Mail",
    "begin" : 422,
    "end" : 437,
    "inCoref" : false
  }, {
    "id" : "s8-m2",
    "properties" : {
      "SIRE_MENTION_ROLE" : "Company",
      "SIRE_ENTITY_SUBTYPE" : "NONE",
      "SIRE_MENTION_TYPE" : "NONE",
      "SIRE_MENTION_CLASS" : "SPC"
    },
    "type" : "Company",
    "begin" : 600,
    "end" : 603,
    "inCoref" : false
  }, {
    "id" : "s8-m1",
    "properties" : {
      "SIRE_MENTION_ROLE" : "ID_empleado",
      "SIRE_ENTITY_SUBTYPE" : "NONE",
      "SIRE_MENTION_TYPE" : "NONE",
      "SIRE_MENTION_CLASS" : "SPC"
    },
    "type" : "ID_empleado",
    "begin" : 627,
    "end" : 632,
    "inCoref" : false
  } ],
  "relations" : [ ],
  "corefs" : [ ],
  "typeResolved" : true,
  "userResolved" : false
}